<?xml version="1.0" encoding="UTF-8"?>
<beans xmlns="http://www.springframework.org/schema/beans"
	xmlns:xsi="http://www.w3.org/2001/XMLSchema-instance"
	xmlns:lang="http://www.springframework.org/schema/lang"
	xsi:schemaLocation="http://www.springframework.org/schema/beans
http://www.springframework.org/schema/beans/spring-beans.xsd
http://www.springframework.org/schema/lang
http://www.springframework.org/schema/lang/spring-lang.xsd">

	<bean id="dataSource"
		class="org.springframework.jndi.JndiObjectFactoryBean">
		<property name="jndiName">
			<value>java:/comp/env/jdbc/cbkOracle</value>
		</property>
		<property name="lookupOnStartup">
			<value>false</value>
		</property>
		<property name="cache">
			<value>true</value>
		</property>
		<property name="proxyInterface">
			<value>javax.sql.DataSource</value>
		</property>
	</bean>

	<bean id="dataSourcedb2"
		class="org.springframework.jndi.JndiObjectFactoryBean">
		<property name="jndiName">
			<value>java:/comp/env/jdbc/cbk</value>
		</property>
		<property name="lookupOnStartup">
			<value>false</value>
		</property>
		<property name="cache">
			<value>true</value>
		</property>
		<property name="proxyInterface">
			<value>javax.sql.DataSource</value>
		</property>
	</bean>

	<bean id="sqlMapClient"
		class="org.springframework.orm.ibatis.SqlMapClientFactoryBean">
		<property name="configLocation">
			<value>classpath:sql-map-config.xml</value>
		</property>
		<property name="useTransactionAwareDataSource">
			<value>true</value>
		</property>
		<property name="dataSource">
			<ref bean="dataSource" />
		</property>
	</bean>

	<bean id="sqlMapClientTemplate"
		class="org.springframework.orm.ibatis.SqlMapClientTemplate">
		<property name="sqlMapClient">
			<ref bean="sqlMapClient" />
		</property>
	</bean>

	<bean id="sqlMapClientdb2"
		class="org.springframework.orm.ibatis.SqlMapClientFactoryBean">
		<property name="configLocation">
			<value>classpath:sql-map-configdb2.xml</value>
		</property>
		<property name="useTransactionAwareDataSource">
			<value>true</value>
		</property>
		<property name="dataSource">
			<ref bean="dataSourcedb2" />
		</property>
	</bean>

	<bean id="sqlMapClientTemplatedb2"
		class="org.springframework.orm.ibatis.SqlMapClientTemplate">
		<property name="sqlMapClient">
			<ref bean="sqlMapClientdb2" />
		</property>
	</bean>



	<!-- DAOs -->


	<bean id="ChargebackCreateDao"
		class="com.unfi.cbk.dao.dbImpl.ChargebackCreateDaoImpl">

		<constructor-arg>
			<ref bean="sqlMapClientTemplatedb2" />
		</constructor-arg>
	</bean>

	<bean id="ChargebackCommonDao"
		class="com.unfi.cbk.dao.ibImpl.ChargebackCommonDaoImpl">
		<constructor-arg>
			<ref bean="sqlMapClientTemplate" />
		</constructor-arg>

	</bean>

	<bean id="ChargebackSearchDao"
		class="com.unfi.cbk.dao.ibImpl.ChargebackSearchDaoImpl">
		<constructor-arg>
			<ref bean="sqlMapClientTemplate" />
		</constructor-arg>
	</bean>

	<bean id="UserIDSelectorDao"
		class="com.unfi.cbk.dao.ibImpl.UserIDSelectorDaoImpl">
		<constructor-arg>
			<ref bean="sqlMapClientTemplate" />
		</constructor-arg>

	</bean>

	<bean id="UserSearchResultDao"
		class="com.unfi.cbk.dao.ibImpl.UserSearchResultDaoImpl">
		<constructor-arg>
			<ref bean="sqlMapClientTemplate" />
		</constructor-arg>
	</bean>

	<bean id="AdminDao" class="com.unfi.cbk.dao.ibImpl.AdminDaoImpl">
		<constructor-arg>
			<ref bean="sqlMapClientTemplate" />
		</constructor-arg>
	</bean>
	
	

	<!-- DELEGATES -->

	<bean id="ChargebackSearchDelegate"
		class="com.unfi.cbk.delegates.ChargebackSearchDelegate">
		<constructor-arg>
			<ref bean="ChargebackSearchDao" />
		</constructor-arg>
	</bean>

	<bean id="UserSearchResultDeligate"
		class="com.unfi.cbk.delegates.UserSearchResultDeligate">
		<constructor-arg>
			<ref bean="UserSearchResultDao" />
		</constructor-arg>
	</bean>

	<bean id="ChargebackCreateDelegate"
		class="com.unfi.cbk.delegates.ChargebackCreateDelegate">
		<constructor-arg>
			<ref bean="ChargebackCreateDao" />
		</constructor-arg>
	</bean>
	<bean id="AdminDelegate"
		class="com.unfi.cbk.delegates.AdminDelegate">
		<constructor-arg>
			<ref bean="AdminDao" />
		</constructor-arg>
	</bean>

	<bean id="ChargebackManagerDelegate"
		class="com.unfi.cbk.delegates.ChargebackManagerDelegate">
		<constructor-arg>
			<ref bean="ChargebackManagerDao" />
		</constructor-arg>
	</bean>

	<bean id="ChargebackManagerDao"
		class="com.unfi.cbk.dao.ibImpl.ChargebackManagerDaoImpl">
		<constructor-arg>
			<ref bean="sqlMapClientTemplate" />
		</constructor-arg>
	</bean>
	
	<bean id="ChargebackExportDelegate"
		class="com.unfi.cbk.delegates.ChargebackExportDelegate">
		<constructor-arg>
			<ref bean="ChargebackExportDao" />
		</constructor-arg>
	</bean>

	<bean id="ChargebackExportDao"
		class="com.unfi.cbk.dao.ibImpl.ChargebackExportDaoImpl">
		<constructor-arg>
			<ref bean="sqlMapClientTemplate" />
		</constructor-arg>
	</bean>
	
	<bean id="ChargebackReportDao" class="com.unfi.cbk.dao.ibImpl.ChargebackReportDaoImpl">
		<constructor-arg>
			<ref bean="sqlMapClientTemplate" />
		</constructor-arg>
	</bean>
	
	<bean id="ChargebackReportDelegate"
		class="com.unfi.cbk.delegates.ChargebackReportDelegate">
		<constructor-arg>
			<ref bean="ChargebackReportDao" />
		</constructor-arg>
	</bean>



</beans>