<?xml version="1.0" encoding="UTF-8"?>
<!DOCTYPE sqlMap PUBLIC "-//ibatis.apache.org//DTD SQL Map 2.0//EN" "sql-map-2.dtd">

<sqlMap namespace="ChargebackManager">

	<!-- Aliases for Java primitive wrapper objects -->
	<typeAlias alias="Integer" type="java.lang.Integer" />
	<typeAlias alias="String" type="java.lang.String" />
	<typeAlias alias="Map" type="java.util.Map" />




	<typeAlias alias="ChargebackManagerBO"
		type="com.unfi.cbk.bo.ChargebackManagerBO" />

	<!-- Result mappings -->



	<!-- Authorization By Role -->

	<resultMap id="roles-result" class="ChargebackManagerBO">
		<result property="roleId" column="roleId" />
		<result property="roles" column="roles" />
	</resultMap>
	<!-- Authorization By Role -->
	<resultMap id="AuthAmount-result" class="ChargebackManagerBO">
		<result property="chargebackType" column="chargebackType" />
		<result property="typeId" column="typeId" />
		<result property="authorize" column="authorize" />


	</resultMap>
	<resultMap id="authRoleDetails-result"
		class="ChargebackManagerBO">
		<result property="chargebackType" column="chargebackType" />
		<result property="typeId" column="typeId" />
		<result property="authorize" column="authorize" />
		<result property="roleId" column="roleId" />

	</resultMap>

	<!-- AuditLog Details -->
	<resultMap id="getAudit-results" class="ChargebackManagerBO">
		<result property="invoiceNumber" column="invoiceNumber" />
		<result property="locationNumber" column="locationNumber" />
		<result property="exportedId" column="exportedId" />
		<result property="exportedAmount" column="exportedAmount" />
		<result property="exportedDate" column="exportedDate" />
		<result property="chargebackType" column="chargebackType" />
		
	</resultMap>

	<resultMap id="chargeTypes-result"
		class="ChargebackManagerBO">
		<result property="chargebackType" column="chargebackType" />
		<result property="typeId" column="typeId" />


	</resultMap>


	<!-- Product Group -->
	<resultMap id="ProductGroup-result"
		class="ChargebackManagerBO">
		<result property="productCode" column="productCode" />
		<result property="description" column="description" />
	</resultMap>
	<resultMap id="productDetails-result"
		class="ChargebackManagerBO">
		<result property="productCode" column="productCode" />
		<result property="description" column="description" />
	</resultMap>

	<!-- Excluded Vendor -->
	<resultMap id="excludedVendor-result"
		class="ChargebackManagerBO">
		<result property="vendor" column="vendor" />
	</resultMap>
	<resultMap id="VendorDetails-result"
		class="ChargebackManagerBO">
		<result property="vendor" column="vendor" />
	</resultMap>

	<!-- Route Name -->
	<resultMap id="RouteName-result" class="ChargebackManagerBO">
		<result property="routeId" column="routeId" />
		<result property="routeName" column="routeName" />
	</resultMap>
	<resultMap id="RouteDetails-result"
		class="ChargebackManagerBO">
		<result property="routeId" column="routeId" />
		<result property="routeName" column="routeName" />
	</resultMap>
	<resultMap id="RouteId-result" class="ChargebackManagerBO">
		<result property="routeId" column="routeId" />
	</resultMap>


	<!-- Chargeback Accruals -->
	<resultMap id="chargeAccrual-results"
		class="ChargebackManagerBO">
		<result property="invoiceNumber" column="INVOICE_NUMBER" />
		<result property="invoiceDate" column="INVOICE_DATE" />
		<result property="vendorNumber" column="VENDOR_NUMBER" />
		<result property="companyCode" column="COMPANY_CODE" />
		<result property="locationNumber" column="LOCATION_NUMBER" />
		<result property="rName" column="R_NAME" />
		<result property="creatorId" column="CREATOR_ID" />
		<result property="accNumber" column="ACCOUNT_NUMBER" />
		<result property="amount" column="DISTRIBUTION_AMOUNT" />
		<result property="distAcct" column="DistAcct" />
	</resultMap>



	<!-- Chargeback Definition -->
	<resultMap class="ChargebackManagerBO"
		id="chargeDefinition-results">
		<result column="typeId" property="typeId" />
		<result column="chargebackType" property="chargebackType" />
		<result column="approvalRouting" property="approvalRouting" />
		<result column="uploadAp" property="uploadAp" />
		<result column="accountReq" property="accountReq" />
		<result column="vendorReq" property="vendorReq" />
		<result column="credit" property="credit" />
		<result column="uploadFood" property="uploadFood" />
		<result column="selectable" property="selectable" />

	</resultMap>


	<resultMap id="chargebackTypes-result"
		class="ChargebackManagerBO">
		<result property="typeId" column="typeId" />
		<result property="typeName" column="typeName" />
	</resultMap>

	<resultMap id="chargebackSearch-result"
		class="ChargebackManagerBO">
		<result property="locationNumber" column="locationNumber" />
		<result property="invoiceDate" column="invoiceDate" />
		<result property="vendorId" column="vendorId" />
		<result property="invoiceNumber" column="invoiceNumber" />
		<result property="originator" column="originator" />
		<result property="originalApprover" column="originalApprover" />
		<result property="netAmount" column="netAmount" />
		<result property="fin" column="fin" />
		<result property="ca" column="ca" />
		<result property="typeId" column="typeId" />
	</resultMap>

	<resultMap id="locationValidator-result"
		class="ChargebackManagerBO">
		<result property="locationNumber" column="locationNumber" />
	</resultMap>

	<resultMap id="vendorValidator-result"
		class="ChargebackManagerBO">
		<result property="vendorId" column="vendorId" />
	</resultMap>

	<resultMap id="originatorValidator-result"
		class="ChargebackManagerBO">
		<result property="originator" column="originator" />
	</resultMap>

	<resultMap id="approverValidator-result"
		class="ChargebackManagerBO">
		<result property="approver" column="approver" />
	</resultMap>

	<resultMap id="invoiceNumberValidator-result"
		class="ChargebackManagerBO">
		<result property="invoiceNumber" column="invoiceNumber" />
	</resultMap>

	<resultMap id="ChargebackRoles-result"
		class="ChargebackManagerBO">
		<result property="roles" column="roles" />
		<result property="openingForms" column="openingForms" />
	</resultMap>

	<!-- Routing Maintenance -->
	<resultMap id="routingDetails-result"
		class="ChargebackManagerBO">
		<result property="stepNumber" column="stepNumber" />
		<result property="amountFloor" column="amountFloor" />
		<result property="roleId" column="roleId" />
		<result property="role" column="role" />
		<result property="notify" column="notify" />
	</resultMap>
	<resultMap id="EditRouting-result"
		class="ChargebackManagerBO">
		<result property="stepNumber" column="stepNumber" />
		<result property="amountFloor" column="amountFloor" />
		<result property="roleId" column="roleId" />
		<!-- <result property="role" column="role" /> -->
		<result property="routeId" column="routeId" />
		<!-- <result property="routeName" column="routeName" /> -->
		<result property="notify" column="notify" />
	</resultMap>



	<!-- Result mappings -->
	<resultMap id="ByStatusResults-result"
		class="ChargebackManagerBO">
		<result property="userName" column="userName" />
		<result property="userId" column="userId" />
		<result property="emailId" column="emailId" />
		<result property="statusSelected" column="statusSelected" />

	</resultMap>


	<resultMap id="UserRoleResult-result"
		class="ChargebackManagerBO">
		<result property="locationNumber" column="locationNumber" />
		<result property="roles" column="roles" />
	</resultMap>

	<resultMap id="userResultsUser-result"
		class="ChargebackManagerBO">
		<result property="locationNumber" column="locationNumber" />
		<result property="roleSelected" column="roleSelected" />
	</resultMap>

	<resultMap id="userlocation-result"
		class="ChargebackManagerBO">
		<result property="roles" column="roles" />
		<result property="userName" column="userName" />
	</resultMap>

	<resultMap id="userRolesLocations-result"
		class="ChargebackManagerBO">
		<result property="distRoles" column="roleId" />
		<result property="distLocNumber" column="locationNumber" />
	</resultMap>


	<resultMap id="userDetails-result"
		class="ChargebackManagerBO">
		<result property="userId" column="userId" />
		<result property="userName" column="userName" />
		<result property="useremailId" column="useremailId" />
		<result property="status" column="status" />
	</resultMap>

	<resultMap id="locationsForCreateUser-result"
		class="ChargebackManagerBO">
		<result property="locationNumber" column="locationNumber" />
	</resultMap>

	<resultMap id="getroles-result" class="ChargebackManagerBO">
		<result property="roleId" column="roleId" />
		<result property="role" column="role" />
	</resultMap>

	<resultMap id="getRolesByUserForMenu-result"
		class="ChargebackManagerBO">
		<result column="defForm" property="defForm" />
		<result column="roleId" property="roleId" />
	</resultMap>

	<resultMap id="locations-result" class="ChargebackManagerBO">
		<result property="locationNumber" column="locationNumber" />
		<result property="locationName" column="locationName" />
		<result property="parentName" column="parentName" />
		<result property="parentNumber" column="parentNumber" />
		<result property="stateCode" column="stateCode" />
	</resultMap>



	<resultMap id="reasons-result" class="ChargebackManagerBO">
		<result property="reasonAcctNumber" column="reasonAcctNumber" />
		<result property="reasonCode" column="reasonCode" />
	</resultMap>

	<resultMap id="productGroup-result"
		class="ChargebackManagerBO">
		<result property="prdGrpCode" column="prdGrpCode" />
		<result property="productGrp" column="productGrp" />
	</resultMap>

	<resultMap id="getVendorInfo-result"
		class="ChargebackManagerBO">
		<result property="vendorId" column="vendorId" />
		<result property="vendorName" column="vendorName" />
		<result property="vendorAddr1" column="vendorAddr1" />
		<result property="vendorAddr2" column="vendorAddr2" />
		<result property="vendorCity" column="vendorCity" />
		<result property="vendorState" column="vendorState" />
		<result property="vendorPostCode" column="vendorPostCode" />
	</resultMap>

	<resultMap id="getChargebackDetailInfo-result"
		class="ChargebackManagerBO">

		<result property="locationNumber" column="locationNumber" />
		<result property="invoiceDate" column="invoiceDate" />
		<result property="dueDate" column="dueDate" />
		<result property="vendorId" column="vendorId" />
		<result property="invoiceNumber" column="invoiceNumber" />
		<!-- <result property="originator" column="originator"/> <result property="netAmount" 
			column="netAmount"/> <result property="typeName" column="typeName"/> -->
		<result property="approver" column="approver" />
		<result property="creatorId" column="creatorId" />
		<result property="reasonCode" column="reasonCode" />
		<result property="referenceNumber" column="referenceNumber" />
		<result property="shortDesc" column="shortDesc" />
		<result property="vendorInvoice" column="vendorInvoice" />
		<result property="prdGrpCode" column="prdGrpCode" />
		<result property="typeId" column="typeId" />
		<result property="interInstr" column="interInstr" />
		<result property="typeName" column="typeName" />
		<result property="attachmentType" column="attachmentType" />

	</resultMap>

	<resultMap id="getCbkDetTable-result"
		class="ChargebackManagerBO">
		<result property="locationNumber" column="locationNumber" />
		<result property="invoiceNumber" column="invoiceNumber" />
		<result property="dcNumber" column="dcNumber" />
		<result property="itemNumber" column="itemNumber" />
		<result property="prdGrpCode" column="prdGrpCode" />
		<result property="itemPack" column="itemPack" />
		<result property="itemSize" column="itemSize" />
		<result property="itemDesc" column="itemDesc" />
		<result property="itemUpc" column="itemUpc" />
		<result property="itemSlot" column="itemSlot" />
		<result property="division" column="division" />
		<result property="region" column="region" />
		<result property="subFund" column="subFund" />
		<result property="itemQuantity" column="itemQuantity" />
		<result property="itemPriceFormat" column="itemPriceFormat" />
		<!-- <result property="type" column="type"/> -->
	</resultMap>

	<resultMap id="getChargebackDistribution-result"
		class="ChargebackManagerBO">
		<result property="locationNumber" column="locationNumber" />
		<result property="invoiceNumber" column="invoiceNumber" />
		<result property="companyCode" column="companyCode" />
		<result property="accountNumber" column="accountNumber" />
		<result property="distributionAmt" column="distributionAmt" />
		<result property="distLocNumber" column="distLocNumber" />
		<result property="productGrp" column="productGrp" />
	</resultMap>

	<resultMap id="getApprovalHistory-result"
		class="ChargebackManagerBO">
		<result property="approver" column="approver" />
		<result property="approvalDate" column="approvalDate" />
	</resultMap>

	<resultMap id="getAttachmentName-result"
		class="ChargebackManagerBO">
		<result property="attachmentName" column="attachmentName" />
		<result property="attachmentType" column="attachmentType" />
	</resultMap>

	<resultMap id="getChargebackApprovalStatus-result"
		class="ChargebackManagerBO">
		<result property="approverId" column="approverId" />
		<result property="stepNumber" column="stepNumber" />
	</resultMap>








	<select id="getChargebackRoles" parameterClass="Map"
		resultMap="ChargebackRoles-result">
		select ROLE_DESC roles,DEFAULT_FORM openingForms
		FROM
		${db.schema.name}.CBK_ROLES
	</select>






	<!-- Cache models -->
	<cacheModel id="count-cache" type="LRU">
		<flushInterval minutes="10" />
		<property name="size" value="100" />
	</cacheModel>

	<!-- SQL -->


	<select id="getChargebackTypes"
		resultMap="chargebackTypes-result">
		SELECT c.TYPE_ID typeId, c.TYPE_DESCRIPTION typeName
		FROM
		${db.schema.name}.CBK_TYPE c
	</select>

	<select id="locationNumberValidator" parameterClass="Map"
		resultMap="locationValidator-result">
		SELECT LTRIM(l.location_number) locationNumber
		FROM
		${db.schema.name}.APPROCLEV_V v, ${db.schema.name}.CBK_LOC_REGION l
		WHERE v.PROC_LEVEL=l.LOCATION_NUMBER
		<isNotEmpty property="locationNumber" prepend="AND">
			LTRIM(l.location_number) = #locationNumber#
		</isNotEmpty>
	</select>

	<select id="invoiceNumberValidator" parameterClass="Map"
		resultMap="invoiceNumberValidator-result">
		SELECT LTRIM(c.INVOICE_NUMBER) invoiceNumber
		FROM
		${db.schema.name}.CBK_CHARGEBACK c
		WHERE upper(LTRIM(c.INVOICE_NUMBER))
		= #invoiceNumber# AND LTRIM(c.VENDOR_NUMBER) = #vendorId# AND
		LTRIM(c.location_number) = #locationNumber#

	</select>

	<select id="vendorNumberValidator" parameterClass="Map"
		resultMap="vendorValidator-result">
		SELECT LTRIM(m.vendor) vendorId
		FROM ${db.schema.name}.apvenmast_v m,
		${db.schema.name}.apvenaddr_v a
		WHERE m.vendor = a.vendor AND
		m.vendor_status = 'A'
		<isNotEmpty property="vendorId" prepend="AND">
			LTRIM(m.vendor) =
			#vendorId#
		</isNotEmpty>
	</select>


	<select id="originatorValidator" parameterClass="Map"
		resultMap="originatorValidator-result">

		SELECT a.approver_id originator
		FROM ${db.schema.name}.CBK_APPROVER a
		WHERE a.APPROVER_STATUS='A'
		<isNotEmpty property="originator" prepend="AND">
			<!-- a.approver_id LIKE #originator# -->
			UPPER(a.APPROVER_ID) LIKE UPPER('%' || #originator# || '%')
		</isNotEmpty>

	</select>



	<select id="approverValidator" parameterClass="Map"
		resultMap="approverValidator-result">

		SELECT a.approver_id approver
		FROM ${db.schema.name}.CBK_APPROVER a
		WHERE a.APPROVER_STATUS='A'
		<isNotEmpty property="approver" prepend="AND">
			UPPER(a.APPROVER_ID) LIKE UPPER('%' || #approver# || '%')
		</isNotEmpty>
	</select>

	<sql id="query_getChargebacksList">
                
              <![CDATA[ 
               SELECT  LTRIM(A.location_number) locationNumber, LTRIM(A.INVOICE_NUMBER) invoiceNumber,  A.Invoice_Date invoiceDate, A.Vendor_Number vendorId,  
          D.APPROVER_NAME AS Originator, C.APPROVER_NAME originalApprover,   netAmount, A.Type_Id typeId,
         DECODE(EXPORTED,Null, ' ','X') As fin ,       DECODE(CANCELLED, Null, ' ', 'X') As ca , rownum as rowCount  
        FROM ${db.schema.name}.CBK_CHARGEBACK A, 
        (  SELECT  SUM(nvl(Item_Quantity, 0) * nvl(Item_Price, 0)) netAmount , INVOICE_NUMBER,LOCATION_NUMBER FROM ${db.schema.name}.CBK_ITEM GROUP BY INVOICE_NUMBER,LOCATION_NUMBER) B, 
        ${db.schema.name}.CBK_APPROVER C, ${db.schema.name}.CBK_APPROVER D
        WHERE (B.INVOICE_NUMBER (+) = A.INVOICE_NUMBER  AND B.LOCATION_NUMBER (+) = A.LOCATION_NUMBER)  AND UPPER(A.CREATOR_ID) = UPPER(D.APPROVER_ID)
          AND UPPER(A.NEXT_APPROVER_ID) = UPPER(C.APPROVER_ID (+))
              
              ]]>
		<dynamic>
			<isNotEmpty property="locationNumber" prepend="AND">
				LTRIM(A.LOCATION_NUMBER) LIKE #locationNumber#
			</isNotEmpty>
			<isNotEmpty property="vendorId" prepend="AND">
				A.VENDOR_NUMBER like ('%' || ltrim(#vendorId#,'0') || '%')
				<!-- LTRIM(A.VENDOR_NUMBER) LIKE #vendorId# -->
			</isNotEmpty>
			<isNotEmpty property="originator" prepend="AND">
				UPPER(A.CREATOR_ID) LIKE UPPER('%' || #originator# || '%')
			</isNotEmpty>
			<isNotEmpty property="approver" prepend="AND">
				UPPER(A.NEXT_APPROVER_ID) LIKE UPPER('%' || #approver# ||
				'%')
			</isNotEmpty>
			<isNotEmpty property="amountFrom">
				<isNotEmpty property="amountTo" prepend="AND">
					B.Item_Price
					BETWEEN #amountFrom# AND #amountTo#
				</isNotEmpty>
			</isNotEmpty>
			<isNotEmpty property="invoiceFrom">
				AND A.INVOICE_NUMBER BETWEEN
				#invoiceFrom# AND #invoiceTo#
			</isNotEmpty>
			<isNotEmpty property="type" prepend="AND">
				LTRIM(A.TYPE_ID) LIKE
				#type#
			</isNotEmpty>
			<isEqual property="cancelled" compareValue="true"
				prepend="AND">
				A.CANCELLED IS NOT NULL
			</isEqual>
			<isEqual property="active" compareValue="true" prepend="AND">
				A.CANCELLED IS null
			</isEqual>
			<isEqual property="final" compareValue="true" prepend="AND">
				A.EXPORTED IS NOT NULL
			</isEqual>
			<isEqual property="notFinal" compareValue="true"
				prepend="AND">
				A.EXPORTED IS null
			</isEqual>
			<isNotEmpty property="fromDate" prepend="AND">
				A.Invoice_Date
				BETWEEN TO_DATE(#fromDate#,'MM/DD/YYYY') and
				TO_DATE(#toDate#,'MM/DD/YYYY')+ (1-1/24/60/60)
			</isNotEmpty>
		</dynamic>

		Group BY A.LOCATION_NUMBER,A.INVOICE_NUMBER, A.Invoice_Date,
		A.Type_Id,
		A.Vendor_Number, D.APPROVER_NAME, C.APPROVER_NAME, netAmount,
		Exported, Cancelled, rownum
		<!-- Order BY A.INVOICE_NUMBER -->
	</sql>



	<select id="getChargebacks" parameterClass="Map"
		resultMap="chargebackSearch-result">
		<include refid="IncludesOracle.stratOf_rowLimit" />
		<include refid="query_getChargebacksList" />
		<isNotEmpty property="sortBy">
			ORDER BY $sortBy$ $sortOrder$
		</isNotEmpty>
		<include refid="IncludesOracle.endOf_rowLimit_rowCount" />
	</select>
	<select id="getChargebacksCount" parameterClass="Map"
		resultClass="Integer" >
		<include refid="IncludesOracle.count_start" />
		<include refid="query_getChargebacksList" />
		<include refid="IncludesOracle.count_end" />
	</select>

	<select id="getChargeAccrual" parameterClass="Map"
		resultMap="chargeAccrual-results">
		SELECT ${db.schema.name}.CBK_DISTRIBUTION.INVOICE_NUMBER,
		${db.schema.name}.CBK_CHARGEBACK.INVOICE_DATE,
		${db.schema.name}.CBK_CHARGEBACK.VENDOR_NUMBER,
		${db.schema.name}.CBK_DISTRIBUTION.COMPANY_CODE,
		${db.schema.name}.CBK_CHARGEBACK.LOCATION_NUMBER
		,${db.schema.name}.APPROCLEV.R_NAME,${db.schema.name}.CBK_CHARGEBACK.CREATOR_ID,
		Case When Company_Code='999' And Dist_Loc_Number In
		('099921','099922')
		And Product_Group Between '020' And '089'
		THEN
		DIST_LOC_Number || PRODUCT_GROUP || SUBSTR(ACCOUNT_NUMBER,1,3) Else
		'0' || DIST_LOC_NUMBER || PRODUCT_GROUP END As ACCOUNT_NUMBER,
		Case
		When Company_Code ='999' And Dist_Loc_Number In ('099921','099922')
		And Product_Group Between '020' And '089' THEN ' ' ||
		SUBSTR(Account_Number,4,3) Else Account_Number END AS DistAcct,
		DISTRIBUTION_AMOUNT * DECODE(Credit,-1,-1,1) AS DISTRIBUTION_AMOUNT
		FROM ((${db.schema.name}.CBK_CHARGEBACK INNER JOIN
		${db.schema.name}.CBK_DISTRIBUTION ON
		(${db.schema.name}.CBK_CHARGEBACK.location_number =
		${db.schema.name}.CBK_DISTRIBUTION.location_number)
		AND
		(${db.schema.name}.CBK_CHARGEBACK.invoice_number =
		${db.schema.name}.CBK_DISTRIBUTION.invoice_number)) INNER JOIN
		${db.schema.name}.APPROCLEV
		ON
		${db.schema.name}.CBK_DISTRIBUTION.location_number =
		${db.schema.name}.APPROCLEV.proc_level)
		INNER JOIN
		${db.schema.name}.CBK_TYPE ON ${db.schema.name}.CBK_CHARGEBACK.type_id
		=
		${db.schema.name}.CBK_TYPE.type_id
		WHERE
		(((${db.schema.name}.CBK_CHARGEBACK.EXPORTED) Is Null) AND
		((${db.schema.name}.CBK_CHARGEBACK.CANCELLED) Is Null) AND
		((${db.schema.name}.CBK_CHARGEBACK.NEXT_APPROVER_ID) Is Not Null))
		ORDER BY ${db.schema.name}.CBK_CHARGEBACK.LOCATION_NUMBER
	</select>


	<!-- Product Group -->

	<select id="getProductGroup" parameterClass="Map"
		resultMap="ProductGroup-result">
		select PRODUCT_GROUP_CODE productCode,PRODUCT_GROUP
		description
		FROM ${db.schema.name}.CBK_product_group
	</select>
	<insert id="createNewProduct" parameterClass="Map">
		INSERT INTO
		${db.schema.name}.CBK_product_group
		(PRODUCT_GROUP_CODE,PRODUCT_GROUP)
		values(#productCode#,#description#)
	</insert>

	<!-- Edit ProductGroup -->
	<select id="getProductDetails" parameterClass="Map"
		resultMap="productDetails-result">
		select PRODUCT_GROUP_CODE productCode,PRODUCT_GROUP description
		FROM
		${db.schema.name}.CBK_product_group
		WHERE
		<isNotEmpty property="productCode">
			PRODUCT_GROUP_CODE LIKE #productCode#
		</isNotEmpty>
	</select>

	<delete id="deleteProductDetails" parameterClass="Map">
		delete from
		${db.schema.name}.CBK_product_group where PRODUCT_GROUP_CODE =
		#productCode#
	</delete>

	<update id="updateProductCode" parameterClass="Map">
		UPDATE
		${db.schema.name}.CBK_product_group
		SET PRODUCT_GROUP = #description#
		WHERE PRODUCT_GROUP_CODE = #productCode#
	</update>


	<!-- Excluded Vendor -->
	<select id="getExcludedVendor" parameterClass="Map"
		resultMap="excludedVendor-result">
		select VENDOR vendor
		FROM
		${db.schema.name}.CBK_excluded_Vendor
	</select>
	<insert id="InsertExcludedVendor" parameterClass="Map">
		INSERT INTO
		${db.schema.name}.CBK_excluded_Vendor
		(VENDOR)
		values(#vendor#)
	</insert>
	<!-- Edit Vendor -->
	<select id="getVendorDetails" parameterClass="Map"
		resultMap="VendorDetails-result">
		select VENDOR vendor
		FROM ${db.schema.name}.CBK_excluded_Vendor
		WHERE
		<isNotEmpty property="vendor">
			VENDOR LIKE #vendor#
		</isNotEmpty>
	</select>
	<update id="updateVendor" parameterClass="Map">
		update ${db.schema.name}.CBK_excluded_Vendor SET VENDOR = #vendor#
		WHERE
		<isNotEmpty property="oldVendor">
			VENDOR LIKE #oldVendor#
		</isNotEmpty>
	</update>

	<delete id="deleteExcludedVend" parameterClass="Map">
		delete from
		${db.schema.name}.CBK_excluded_Vendor where VENDOR = #vendor#
	</delete>

	<!-- Route Name -->

	<select id="getRouteName" parameterClass="Map"
		resultMap="RouteName-result">
		select ROUTE_ID routeId,ROUTE_NAME routeName
		FROM
		${db.schema.name}.CBK_route
	</select>

	<select id="getRouteId" parameterClass="Map"
		resultMap="RouteId-result">
		select MAX(ROUTE_ID) routeId FROM
		${db.schema.name}.CBK_route
	</select>

	<insert id="InsertRouteName" parameterClass="Map">
		INSERT INTO
		${db.schema.name}.CBK_route
		(ROUTE_ID,ROUTE_NAME)
		values(#routeId#,#routeName#)
	</insert>

	<!-- Edit ProductGroup -->
	<select id="getRouteDetails" parameterClass="Map"
		resultMap="RouteDetails-result">
		select ROUTE_ID routeId,ROUTE_NAME routeName
		FROM
		${db.schema.name}.CBK_route
		WHERE
		<isNotEmpty property="routeId">
			ROUTE_ID LIKE #routeId#
		</isNotEmpty>
	</select>

	<delete id="deleteRouteDetails" parameterClass="Map">
		delete from
		${db.schema.name}.CBK_route WHERE ROUTE_ID = #routeId#
	</delete>

	<update id="updateRouteName" parameterClass="Map">
		UPDATE
		${db.schema.name}.CBK_route
		SET ROUTE_NAME = #routeName#
		WHERE ROUTE_ID
		= #routeId#
	</update>


	<update id="updateChargeDefinition" parameterClass="Map">
		UPDATE
		${db.schema.name}.CBK_type SET UPLOAD_AP = #uploadAp#,
		ACCOUNT_REQUIRED = #accountReq#,
		VENDOR_REQUIRED = #vendorReq#,
		CREDIT =
		#credit#,
		UPLOAD_FOOD = #uploadFood#,
		SELECTABLE = #selectable#
		WHERE
		TYPE_ID=#typeId#


	</update>


	<select id="getChargeDefinition"
		resultMap="chargeDefinition-results" parameterClass="Map">
		SELECT
		t.TYPE_DESCRIPTION chargebackType,t.TYPE_ID typeId,r.ROUTE_NAME
		approvalRouting,t.UPLOAD_AP uploadAp,t.ACCOUNT_REQUIRED accountReq,
		t.VENDOR_REQUIRED vendorReq,t.CREDIT credit, t.UPLOAD_FOOD
		uploadFood,t.SELECTABLE selectable
		FROM ${db.schema.name}.CBK_type
		t,${db.schema.name}.CBK_route r
		WHERE
		t.TYPE_ID = r.ROUTE_ID
	</select>

	<select id="deleteProductGroupCodeReference"
		parameterClass="Map" resultClass="String">
		select
		distinct(pg.product_group_code) productCode from
		${db.schema.name}.CBK_product_group pg,
		${db.schema.name}.CBK_CHARGEBACK c
		where pg.product_group_code =
		c.product_group_code
		and
		pg.product_group_code=#productCode#
	</select>

	<select id="deleteRouteReference" parameterClass="Map"
		resultClass="String">
		select distinct(r.route_id) routeId from
		${db.schema.name}.CBK_ROUTE r,${db.schema.name}.CBK_ROUTING rt where
		r.route_id = rt.route_id
		and r.route_id=#routeId#
	</select>

	<select id="getRoles" resultMap="roles-result">
		SELECT c.ROLE_ID roleId,
		c.ROLE_DESC roles FROM ${db.schema.name}.CBK_ROLES
		c
	</select>

	<select id="getAuthAmount" resultMap="AuthAmount-result">
		select DISTINCT
		t.TYPE_DESCRIPTION chargebackType,t.TYPE_ID typeId, a.MAX_AMOUNT
		authorize FROM ${db.schema.name}.CBK_type t,
		${db.schema.name}.cbk_role_authorization a,
		${db.schema.name}.CBK_roles r
		WHERE t.TYPE_ID = a.TYPE_ID AND a.ROLE_ID
		= r.ROLE_ID
		AND
		r.ROLE_ID = #roleId#
	</select>


	<select id="getChargeTypes" resultMap="chargeTypes-result">
		select TYPE_DESCRIPTION
		chargebackType,TYPE_ID typeId FROM ${db.schema.name}.CBK_type
	</select>


	<insert id="InsertCbkByRole" parameterClass="Map">
		INSERT INTO
		${db.schema.name}.CBK_role_authorization
		(ROLE_ID,TYPE_ID,MAX_AMOUNT)
		values(#roleId#,#typeId#,#authorize#)

	</insert>


	<!-- Edit ProductGroup -->
	<select id="getAuthRoleDetails" parameterClass="Map"
		resultMap="authRoleDetails-result">
		select DISTINCT t.TYPE_DESCRIPTION chargebackType,t.TYPE_ID
		typeId,a.MAX_AMOUNT authorize,a.ROLE_ID roleId FROM
		${db.schema.name}.CBK_type
		t,
		${db.schema.name}.cbk_role_authorization a
		WHERE t.TYPE_ID = a.TYPE_ID
		AND
		t.TYPE_ID = #typeId# and a.ROLE_ID =
		#roleId#
	</select>

	<update id="updateAuthByRole" parameterClass="Map">
		UPDATE
		${db.schema.name}.cbk_role_authorization
		SET MAX_AMOUNT =#authorize#
		WHERE
		ROLE_ID =#roleId# and TYPE_ID =#typeId#
	</update>


	<delete id="deleteAuthRoleDetails" parameterClass="Map">
		DELETE FROM
		${db.schema.name}.CBK_role_authorization
		WHERE LTRIM(ROLE_ID)=
		#roleId#
		AND
		LTRIM(TYPE_ID) = #typeId#
	</delete>



	<!-- Routing Maintenance -->

	<select id="getRoutingDetails" parameterClass="Map"
		resultMap="routingDetails-result">
		select DISTINCT t.ROLE_DESC role,t.ROLE_ID
		roleId,r.AMOUNT_FLOOR
		amountFloor,r.STEP_NUMBER stepNumber,r.NOTIFY
		notify from
		${db.schema.name}.CBK_roles t,${db.schema.name}.CBK_ROUTING
		r where t.ROLE_ID =
		r.ROLE_ID
		AND r.ROUTE_ID =#routeId#
	</select>

	<insert id="InsertRouting" parameterClass="Map">
		INSERT INTO
		${db.schema.name}.CBK_ROUTING
		(ROUTE_ID,STEP_NUMBER,ROLE_ID,AMOUNT_FLOOR,NOTIFY)
		values(#routeId#,#stepNumber#,#roleId#,#amountFloor#,#notify#)
	</insert>

	<select id="getEditRouting" parameterClass="Map"
		resultMap="EditRouting-result">
		<!-- select DISTINCT ROUTE_ID routeId,STEP_NUMBER stepNumber,ROLE_ID roleId,AMOUNT_FLOOR 
			amountFloor,NOTIFY notify from ${db.schema.name}.CBK_ROUTING where STEP_NUMBER 
			= #stepNumber# -->
		select DISTINCT t.ROUTE_ID
		routeId,t.STEP_NUMBER stepNumber,t.ROLE_ID
		roleId,
		t.AMOUNT_FLOOR amountFloor,t.NOTIFY notify from
		${db.schema.name}.CBK_ROUTING t where t.ROUTE_ID=#routeId# AND
		t.STEP_NUMBER
		=#stepNumber#
	</select>

	<update id="updateRouting" parameterClass="Map">
		UPDATE
		${db.schema.name}.CBK_ROUTING t
		SET t.STEP_NUMBER= #stepNumber#,
		t.ROLE_ID
		=#roleId#,t.AMOUNT_FLOOR
		=#amountFloor#,
		t.NOTIFY = #notify#
		WHERE
		t.ROUTE_ID =#routeId# AND
		t.STEP_NUMBER = #oldStepNumber#
	</update>

	<delete id="deleteRouting" parameterClass="Map">
		DELETE FROM
		${db.schema.name}.CBK_ROUTING r
		WHERE
		r.ROUTE_ID =#routeId# AND
		r.STEP_NUMBER=#stepNumber#
	</delete>




	<!-- Regional Administrators -->

	<sql id="query_specificUserResults">
		select DISTINCT A.APPROVER_ID userId ,A.APPROVER_NAME userName,
		A.APPROVER_EMAIL emailId, A.APPROVER_STATUS statusSelected, rownum as
		rowCount
		FROM ${db.schema.name}.CBK_APPROVER A,
		${db.schema.name}.CBK_APPROVER_ROLES ar,${db.schema.name}.CBK_ROLES cr
		WHERE A.APPROVER_ID =ar.APPROVER_ID AND ar.ROLE_ID=cr.ROLE_ID
		<isNotEmpty property="locationNumber" prepend="AND">
			ar.LOCATION_NUMBER = #locationNumber#
		</isNotEmpty>
		<isNotEmpty property="roleSelected" prepend="AND">
			cr.ROLE_ID =
			#roleSelected#
		</isNotEmpty>
		<isNotEmpty property="userId" prepend="AND">
			  UPPER(A.APPROVER_ID) LIKE UPPER('%' || #userId# || '%')
		</isNotEmpty>
		<isNotEmpty property="statusSelected" prepend="AND">
			A.APPROVER_STATUS = #statusSelected#
		</isNotEmpty>
	</sql>

	<sql id="query_specificRoleIdSearchResults">
		SELECT DISTINCT A.APPROVER_ID userId ,A.APPROVER_NAME userName,
		A.APPROVER_EMAIL emailId, A.APPROVER_STATUS statusSelected, rownum as
		rowCount
		FROM ${db.schema.name}.CBK_APPROVER A
		WHERE A.APPROVER_ID IN
		(SELECT DISTINCT(APPROVER_ID) FROM
		${db.schema.name}.CBK_APPROVER_ROLES WHERE
		<isNotEmpty property="roleSelected">
			ROLE_ID = #roleSelected# )
		</isNotEmpty>
		<isNotEmpty property="statusSelected" prepend="AND" >
	                 A.APPROVER_STATUS = #statusSelected#
	         </isNotEmpty> 

	</sql>

	<sql id="query_allUsers">
		select A.APPROVER_ID userId ,A.APPROVER_NAME userName,
		A.APPROVER_EMAIL emailId, A.APPROVER_STATUS statusSelected, rownum as
		rowCount
		FROM ${db.schema.name}.CBK_APPROVER A
		<isNotEmpty property="statusSelected" prepend="WHERE">
			A.APPROVER_STATUS = #statusSelected#
		</isNotEmpty>
	</sql>

	<select id="allUsers" parameterClass="Map"
		resultMap="ByStatusResults-result">
		<include refid="IncludesOracle.stratOf_rowLimit" />
		<include refid="query_allUsers" />
		<isNotEmpty property="sortBy">
			ORDER BY $sortBy$ $sortOrder$
		</isNotEmpty>
		<include refid="IncludesOracle.endOf_rowLimit_rowCount" />
	</select>
	<select id="allUsersCount" parameterClass="Map"
		resultClass="Integer" cacheModel="count-cache">
		<include refid="IncludesOracle.count_start" />
		<include refid="query_allUsers" />
		<include refid="IncludesOracle.count_end" />
	</select>

	<select id="specificUserResults" parameterClass="Map"
		resultMap="ByStatusResults-result">
		<include refid="IncludesOracle.stratOf_rowLimit" />
		<include refid="query_specificUserResults" />
		<isNotEmpty property="sortBy">
			ORDER BY $sortBy$ $sortOrder$
		</isNotEmpty>
		<include refid="IncludesOracle.endOf_rowLimit_rowCount" />
	</select>
	<select id="specificUserResultsCount" parameterClass="Map"
		resultClass="Integer" cacheModel="count-cache">
		<include refid="IncludesOracle.count_start" />
		<include refid="query_specificUserResults" />
		<include refid="IncludesOracle.count_end" />
	</select>

	<select id="specificRoleIdSearch" parameterClass="Map"
		resultMap="ByStatusResults-result">
		<include refid="IncludesOracle.stratOf_rowLimit" />
		<include refid="query_specificRoleIdSearchResults" />
		<isNotEmpty property="sortBy">
			ORDER BY $sortBy$ $sortOrder$
		</isNotEmpty>
		<include refid="IncludesOracle.endOf_rowLimit_rowCount" />
	</select>
	<select id="specificRoleIdSearchCount" parameterClass="Map"
		resultClass="Integer" cacheModel="count-cache">
		<include refid="IncludesOracle.count_start" />
		<include refid="query_specificRoleIdSearchResults" />
		<include refid="IncludesOracle.count_end" />
	</select>


	<select id="specificUserSearch"
		resultMap="ByStatusResults-result" parameterClass="Map">
		select DISTINCT A.APPROVER_ID userId ,A.APPROVER_NAME userName,
		A.APPROVER_EMAIL emailId, A.APPROVER_STATUS statusSelected
		FROM
		${db.schema.name}.CBK_APPROVER A
		<isNotEmpty property="userId" prepend="WHERE">
		   UPPER(A.APPROVER_ID) LIKE UPPER('%' || #userId# || '%')
		</isNotEmpty>
		<isNotEmpty property="statusSelected" prepend="AND">
			A.APPROVER_STATUS = #statusSelected#
		</isNotEmpty>
	</select>

	<select id="getLocationsForCreateUser"
		resultMap="locationsForCreateUser-result">
		SELECT DISTINCT SUBSTR( l.LOCATION_NUMBER, 1, 2 )
		locationNumber
		FROM ${db.schema.name}.APPROCLEV_V v,
		${db.schema.name}.CBK_LOC_REGION l
		WHERE v.PROC_LEVEL=l.LOCATION_NUMBER
		ORDER BY locationNumber ASC
	</select>

	<select id="getRolesForUser" resultMap="getroles-result">
		SELECT c.ROLE_ID roleId,
		c.ROLE_DESC role
		FROM
		${db.schema.name}.CBK_ROLES c WHERE c.ROLE_ID &lt;
		89
	</select>

	<select id="getUserDetails" parameterClass="Map"
		resultMap="userDetails-result">
		SELECT a.APPROVER_ID userId, a.APPROVER_NAME userName,
		a.APPROVER_EMAIL useremailId, a.APPROVER_STATUS status FROM
		${db.schema.name}.CBK_APPROVER a
		WHERE   UPPER(A.APPROVER_ID) LIKE UPPER('%' || #userId# || '%')

	</select>

	<select id="getUserRolesLocations" parameterClass="Map"
		resultMap="userRolesLocations-result">
		SELECT c.ROLE_ID roleId, c.LOCATION_NUMBER locationNumber
		FROM
		${db.schema.name}.CBK_APPROVER_ROLES C
		WHERE
		<isNotEmpty property="userId">
			  UPPER(C.APPROVER_ID) LIKE UPPER('%' || #userId# || '%')
		</isNotEmpty>
	</select>

	<select id="getRolesByUserForMenuAccess"
		resultMap="getRolesByUserForMenu-result">
		SELECT distinct (role.ROLE_DESC) defForm , role.role_Id
		roleId
		FROM ${db.schema.name}.CBK_APPROVER_ROLES aproles,
		${db.schema.name}.CBK_ROLES role
		WHERE aproles.role_Id = role.role_Id
		and aproles.ROLE_ID &gt; 89
	</select>

	<select id="getAllLocations" resultMap="locations-result">
		SELECT DISTINCT
		Trim(av.R_NAME) locationname,TRIM(lc.location_number) locationNumber,
		Trim(cv.R_NAME) parentName,Trim(lc.region_number)
		parentNumber,state_code stateCode
		FROM ${db.schema.name}.APPROCLEV av,${db.schema.name}.APPROCLEV cv,
		${db.schema.name}.CBK_LOC_REGION lc
		where av.PROC_LEVEL = lc.location_number and cv.PROC_LEVEL =
		lc.region_number
	</select>

	<update id="getCancelChargeback" parameterClass="String">
		UPDATE
		${db.schema.name}.CBK_CHARGEBACK
		SET CANCELLED = -1
		WHERE INVOICE_NUMBER
		= #invoiceNumber#
	</update>


	<select id="getMaxStepNumberForInvoice" parameterClass="String"
		resultClass="String">
		SELECT MAX(STEP_NUMBER) stepNumber
		FROM
		${db.schema.name}.CBK_APPROVALS where LTRIM(INVOICE_NUMBER) =
		#invoiceNumber#
		Group BY INVOICE_NUMBER, LOCATION_NUMBER

	</select>

	<select id="getReasons" resultMap="reasons-result">
		SELECT r.ACCOUNT_NUMBER
		reasonAcctNumber, r.REASON_CODE reasonCode
		FROM
		${db.schema.name}.CBK_REASONS r
	</select>

	<select id="getProductGroups" resultMap="productGroup-result">
		SELECT
		p.PRODUCT_GROUP_CODE prdGrpCode, p.PRODUCT_GROUP productGrp
		FROM
		${db.schema.name}.CBK_PRODUCT_GROUP P
	</select>



	<select id="getVendorInfo" parameterClass="Map"
		resultMap="getVendorInfo-result">
		SELECT LTRIM(m.vendor) vendorId, LTRIM(m.vendor_vname)
		vendorName,a.addr1 vendorAddr1,
		a.addr2 vendorAddr2,a.CITY_ADDR5
		vendorCity,a.STATE_PROV
		vendorState,a.POSTAL_CODE vendorPostCode
		FROM
		${db.schema.name}.apvenmast_v m, ${db.schema.name}.apvenaddr_v a
		WHERE
		m.vendor = a.vendor AND m.vendor_status = 'A' and rownum=1
		<isNotEmpty property="vendorId" prepend="AND">
			LTRIM(m.vendor) =
			#vendorId#
		</isNotEmpty>
	</select>

	<select id="getChargebackDetailInfo" parameterClass="Map"
		resultMap="getChargebackDetailInfo-result">
		SELECT distinct LTRIM(A.location_number) locationNumber,
		LTRIM(A.INVOICE_NUMBER) invoiceNumber, A.REFERENCE_NUMBER
		referenceNumber,A.SHORT_DESC shortDesc,
		A.VENDOR_INVOICE vendorInvoice,
		A.Invoice_Date invoiceDate, A.Due_Date dueDate,
		A.Vendor_Number
		vendorId, A.CREATOR_ID creatorId,
		A.NEXT_APPROVER_ID approver,
		A.INTERNET_INSTRUCTION interInstr, A.REASON_CODE
		reasonCode,
		P.PRODUCT_GROUP prdGrpCode, A.TYPE_ID typeId
		,B.TYPE_DESCRIPTION
		typeName, A.ATTACHMENT attachmentType
		FROM
		${db.schema.name}.CBK_CHARGEBACK A,
		${db.schema.name}.CBK_PRODUCT_GROUP P,
		${db.schema.name}.CBK_TYPE B
		where A.type_id = B.type_id AND A.PRODUCT_GROUP_CODE =
		P.PRODUCT_GROUP_CODE AND
		LTRIM(A.INVOICE_NUMBER)= #invoiceNumber#

	</select>

	<select id="getCbkDetTable" parameterClass="Map"
		resultMap="getCbkDetTable-result">
		SELECT LTRIM(A.location_number) locationNumber,
		LTRIM(A.INVOICE_NUMBER) invoiceNumber,
		B.DC_NUMBER dcNumber
		,B.ITEM_NUMBER itemNumber ,B.PRODUCT_CODE prdGrpCode, B.ITEM_PACK
		itemPack,B.ITEM_SIZE itemSize,
		B.ITEM_DESCRIPTION itemDesc,B.ITEM_UPC
		itemUpc,B.ITEM_SLOT itemSlot,
		B.DIVISION division,B.REGION
		region,B.SUBFUND subFund,B.ITEM_QUANTITY
		itemQuantity,
		TRIM(TO_CHAR(B.ITEM_PRICE,'99999999.99'))
		itemPriceFormat
		FROM
		${db.schema.name}.CBK_CHARGEBACK A,
		${db.schema.name}.CBK_ITEM B
		WHERE
		B.INVOICE_NUMBER = A.INVOICE_NUMBER
		AND B.LOCATION_NUMBER =
		A.LOCATION_NUMBER
		<!--AND LTRIM(A.LOCATION_NUMBER) = '65011' AND LTRIM(A.INVOICE_NUMBER)='65012441' -->
		AND LTRIM(A.LOCATION_NUMBER)= #locationNumber# AND
		LTRIM(A.INVOICE_NUMBER) = #invoiceNumber#
	</select>

	<select id="getChargebackDistribution" parameterClass="Map"
		resultMap="getChargebackDistribution-result">
		SELECT LTRIM(location_number) locationNumber, LTRIM(INVOICE_NUMBER)
		invoiceNumber,
		company_code companyCode, account_number
		accountNumber,distribution_amount
		distributionAmt,
		dist_loc_number
		distLocNumber,product_group productGrp
		FROM
		${db.schema.name}.CBK_DISTRIBUTION
		WHERE <!-- LTRIM(LOCATION_NUMBER) = '65011' 
			AND LTRIM(INVOICE_NUMBER)='65012441' -->
		LTRIM(LOCATION_NUMBER)= #locationNumber# AND LTRIM(INVOICE_NUMBER) =
		#invoiceNumber#

	</select>

	<select id="getMinStepNumberWithInvoiceAmount"
		parameterClass="Map" resultClass="String">
		<![CDATA[
		SELECT MIN(STEP_NUMBER) stepNumber
		FROM ${db.schema.name}.CBK_ROUTING ROUTE,${db.schema.name}.CBK_TYPE TP WHERE
		ROUTE.ROUTE_ID=TP.ROUTE_ID AND TP.TYPE_ID = #typeId#
		AND AMOUNT_FLOOR <= (SELECT SUM(ITEM_QUANTITY * ITEM_PRICE) AS TOTAL
		FROM ${db.schema.name}.CBK_ITEM WHERE INVOICE_NUMBER = #invoiceNumber# AND
		LOCATION_NUMBER = #locationNumber#)
		AND STEP_NUMBER > (SELECT NVL(MAX(STEP_NUMBER),0) AS LastStep FROM
		${db.schema.name}.CBK_APPROVALS WHERE INVOICE_NUMBER = #invoiceNumber# AND
		LOCATION_NUMBER = #locationNumber#)
		]]>

	</select>

	<select id="getApprovalHistory" parameterClass="String"
		resultMap="getApprovalHistory-result">
      
      <![CDATA[  
      			select approver_name approver, TO_DATE(TO_CHAR(approval_Date, 'DD-MM-YYYY'), 'DD-MM-YYYY')  approvalDate 
		      from  ${db.schema.name}.CBK_APPROVALS app, ${db.schema.name}.CBK_APPROVER r WHERE app.approver_id=r.approver_id and LTRIM(INVOICE_NUMBER) = #invoiceNumber# order by step_number
      		
		      ]]>
	</select>

	<select id="getAttachmentName" parameterClass="String"
		resultMap="getAttachmentName-result">
		select ATTACHMENT_NAME attachmentName, ATTACHMENT
		attachmentType from
		${db.schema.name}.CBK_ATTACHMENTS where
		INVOICE_NUMBER =
		#invoiceNumber#
	</select>

	<select id="getRoleIdForNextApprover" parameterClass="Map"
		resultClass="String">
		<![CDATA[ 

		SELECT distinct a.role_id roleId
		FROM ${db.schema.name}.CBK_ROUTING
		a, ${db.schema.name}.CBK_APPROVER_ROLES b,${db.schema.name}.CBK_TYPE
		TP WHERE
		a.ROUTE_ID=TP.ROUTE_ID AND a.AMOUNT_FLOOR <= (SELECT
		SUM(ITEM_QUANTITY
		* ITEM_PRICE) AS TOTAL
		FROM ${db.schema.name}.CBK_ITEM WHERE INVOICE_NUMBER =
		#invoiceNumber# AND LOCATION_NUMBER
		= #locationNumber#) AND STEP_NUMBER
		> (SELECT NVL(MAX(STEP_NUMBER),0) AS
		LastStep
		FROM ${db.schema.name}.CBK_APPROVALS
		WHERE INVOICE_NUMBER = #invoiceNumber# AND
		LOCATION_NUMBER =
		#locationNumber#) and a.ROLE_ID = b.ROLE_ID AND TP.TYPE_ID = #typeId#
		AND UPPER(B.APPROVER_ID) LIKE UPPER('%' || #userId# || '%')
		ANd b.LOCATION_NUMBER = SUBSTR(#locationNumber#,1,2)
		
		  ]]>

	</select>

	<select id="getAdminUser" parameterClass="Map"
		resultClass="String">
		SELECT distinct c.ROLE_ID roleId
		FROM
		${db.schema.name}.CBK_APPROVER_ROLES C
		WHERE   UPPER(C.APPROVER_ID) LIKE UPPER('%' || #userId# || '%')
		and c.ROLE_ID = #roleId#

	</select>

	<select id="getChargebackApprovalStatus" parameterClass="Map"
		resultMap="getChargebackApprovalStatus-result">
		select a.approver_id approverId ,a.step_number stepNumber
		from
		${db.schema.name}.CBK_chargeback c,${db.schema.name}.CBK_approvals
		a where
		c.invoice_number = a.invoice_number
		and LTRIM(c.INVOICE_NUMBER)
		= #invoiceNumber#

	</select>

	<select id="getInvoiceEditableStatus" parameterClass="String"
		resultClass="String">
		<![CDATA[
		select invoice_number invoiceNumber  from  ${db.schema.name}.cbk_chargeback where exported is null and (NEXT_APPROVER_ID <> 'No further approvals' OR NEXT_APPROVER_ID IS NULL)  and cancelled is null and LTRIM(invoice_number)= #invoiceNumber#
		 ]]>
	</select>


	<select id="getAuditResults" parameterClass="Map"
		resultMap="getAudit-results">

		SELECT c.INVOICE_NUMBER invoiceNumber,c.LOCATION_NUMBER locationNumber,
		to_char(a.EXPORTED_DATE, 'hh12:mi am') exportedDate,a.EXPORTER_ID
		exportedId,
		a.EXPORTED_AMOUNT * DECODE(CREDIT, -1, -1, 1) as exportedAmount, 
		(select t.type_description from ${db.schema.name}.CBK_Type t where c.TYPE_ID = t.TYPE_ID) as chargebackType
		FROM
		${db.schema.name}.CBK_AUDIT a, ${db.schema.name}.CBK_CHARGEBACK c,${db.schema.name}.CBK_Type t
		where a.INVOICE_NUMBER=c.INVOICE_NUMBER AND
		(a.LOCATION_NUMBER=c.LOCATION_NUMBER) AND c.TYPE_ID = t.TYPE_ID and
		TO_DATE(EXPORTED_DATE) = #date#
		order by c.INVOICE_NUMBER
	</select>



</sqlMap>