<?xml version="1.0" encoding="UTF-8"?>
<!DOCTYPE sqlMap PUBLIC "-//ibatis.apache.org//DTD SQL Map 2.0//EN" "sql-map-2.dtd">

<sqlMap namespace="UserSearchResult"> 

<!-- Aliases for Java primitive wrapper objects -->
    <typeAlias alias="Integer" type="java.lang.Integer"/>
    <typeAlias alias="String" type="java.lang.String"/>
    <typeAlias alias="Map" type="java.util.Map"/>

	
     <!-- Aliases for business objects -->
    <typeAlias alias="UserSearchResultBO" type="com.unfi.cbk.bo.UserSearchResultBO"/>
    
    <!-- Result mappings -->
    <resultMap id="ByStatusResults-result" class="UserSearchResultBO">
   		<result property="userName" column="userName"/>
    	<result property="userId" column="userId"/>
    	<result property="emailId" column="emailId"/>
    	<result property="statusSelected" column="statusSelected"/>
    	
    </resultMap>
    
    
     <resultMap id="UserRoleResult-result" class="UserSearchResultBO">
     <result property="locationNumber" column="locationNumber"/>
        <result property="roles" column="roles"/>
     </resultMap>
     
     <resultMap id="userResultsUser-result" class="UserSearchResultBO">
     <result property="locationNumber" column="locationNumber"/>
        <result property="roleSelected" column="roleSelected"/>
     </resultMap>
     
      <resultMap id="userlocation-result" class="UserSearchResultBO">
     	<result property="roles" column="roles"/>
        <result property="userName" column="userName"/>
     </resultMap>
     
     <!-- Cache models -->
    <cacheModel id="count-cache" type="LRU">
    	<flushInterval minutes="10" />
    	<property name="size" value="100" />
    </cacheModel>
         
  	<!-- SQL -->
 
	<sql id="query_specificUserResults" >  
	   	 select DISTINCT A.APPROVER_ID userId ,A.APPROVER_NAME userName, A.APPROVER_EMAIL emailId, A.APPROVER_STATUS statusSelected, rownum as  rowCount
	   		FROM ${db.schema.name}.CBK_APPROVER A, ${db.schema.name}.CBK_APPROVER_ROLES ar,${db.schema.name}.CBK_ROLES cr 
		 	 WHERE A.APPROVER_ID =ar.APPROVER_ID AND ar.ROLE_ID=cr.ROLE_ID 
	         <isNotEmpty property="locationNum" prepend="AND">
	                ar.LOCATION_NUMBER  = #locationNum#
	         </isNotEmpty>
	          <isNotEmpty property="roleSelected"  prepend="AND">
		  			cr.ROLE_ID = #roleSelected#
			</isNotEmpty>
	          <isNotEmpty property="userId"  prepend="AND">
		  			  UPPER(A.APPROVER_ID) LIKE UPPER('%' || #userId# || '%')
			</isNotEmpty>
			<isNotEmpty property="statusSelected" prepend="AND">
	                 A.APPROVER_STATUS = #statusSelected#
	         </isNotEmpty>
	 </sql>
	 
	 <sql id="query_specificRoleIdSearchResults" >  
	 	SELECT  DISTINCT A.APPROVER_ID userId ,A.APPROVER_NAME userName, A.APPROVER_EMAIL emailId, A.APPROVER_STATUS statusSelected, rownum as  rowCount
        FROM ${db.schema.name}.CBK_APPROVER A        
         WHERE A.APPROVER_ID IN (SELECT DISTINCT(APPROVER_ID) FROM ${db.schema.name}.CBK_APPROVER_ROLES WHERE 
          <isNotEmpty property="roleSelected" >
		  			ROLE_ID = #roleSelected# )
		  </isNotEmpty>
		  <isNotEmpty property="statusSelected" prepend="AND">
	                 A.APPROVER_STATUS = #statusSelected#
	         </isNotEmpty>
		
	 </sql>
	 
	  <sql id="query_allUsers" > 
	  	select  A.APPROVER_ID userId ,A.APPROVER_NAME userName, A.APPROVER_EMAIL emailId,  A.APPROVER_STATUS statusSelected, rownum as  rowCount
			FROM ${db.schema.name}.CBK_APPROVER  A	 
			<isNotEmpty property="statusSelected" prepend="WHERE">
	                 A.APPROVER_STATUS = #statusSelected#
	         </isNotEmpty> 
	  </sql>
	
	<select id="allUsers" parameterClass="Map" resultMap="ByStatusResults-result">   
		<include refid="IncludesOracle.stratOf_rowLimit" />		
		<include refid="query_allUsers" />
		<isNotEmpty property="sortBy">
			ORDER BY $sortBy$ $sortOrder$
		</isNotEmpty>
		<include refid="IncludesOracle.endOf_rowLimit_rowCount" />
	</select> 
	<select id="allUsersCount" parameterClass="Map" resultClass="Integer" cacheModel="count-cache">
		<include refid="IncludesOracle.count_start" />    	
		<include refid="query_allUsers" />
	   	<include refid="IncludesOracle.count_end" />    	
	</select>
	 
	<select id="specificUserResults" parameterClass="Map" resultMap="ByStatusResults-result">  
		<include refid="IncludesOracle.stratOf_rowLimit" />
		<include refid="query_specificUserResults" />
	    <isNotEmpty property="sortBy">
			ORDER BY $sortBy$ $sortOrder$
		</isNotEmpty>	
	    <include refid="IncludesOracle.endOf_rowLimit_rowCount"/>
	</select>
	<select id="specificUserResultsCount" parameterClass="Map" resultClass="Integer" cacheModel="count-cache">
		<include refid="IncludesOracle.count_start" />    	
		<include refid="query_specificUserResults" />
	   	<include refid="IncludesOracle.count_end" />    	
	</select>
	
	<select id="specificRoleIdSearch" parameterClass="Map" resultMap="ByStatusResults-result">  
		<include refid="IncludesOracle.stratOf_rowLimit" />
		<include refid="query_specificRoleIdSearchResults" />
	    <isNotEmpty property="sortBy">
			ORDER BY $sortBy$ $sortOrder$
		</isNotEmpty>	
	    <include refid="IncludesOracle.endOf_rowLimit_rowCount"/>
	</select>
	<select id="specificRoleIdSearchCount" parameterClass="Map" resultClass="Integer" >
		<include refid="IncludesOracle.count_start" />    	
		<include refid="query_specificRoleIdSearchResults" />
	   	<include refid="IncludesOracle.count_end" />    	
	</select>
	
	
	<select id="specificUserSearch" resultMap="ByStatusResults-result" parameterClass="Map">
		  select DISTINCT A.APPROVER_ID userId ,A.APPROVER_NAME userName, A.APPROVER_EMAIL emailId,  A.APPROVER_STATUS statusSelected  
    		FROM ${db.schema.name}.CBK_APPROVER  A  
    		   <isNotEmpty property="userId"  prepend="WHERE">
    		   		 UPPER(A.APPROVER_ID) LIKE UPPER('%' || #userId# || '%')
			</isNotEmpty>
			<isNotEmpty property="statusSelected" prepend="AND">
	                 A.APPROVER_STATUS = #statusSelected#
	         </isNotEmpty>
	</select>
	
	
	
<!-- 	<select id="specificRoleIdSearch" resultMap="ByStatusResults-result" parameterClass="Map">
			 select DISTINCT A.APPROVER_ID userId ,A.APPROVER_NAME userName, A.APPROVER_EMAIL emailId, A.APPROVER_STATUS statusSelected
	   		FROM ${db.schema.name}.CBK_APPROVER A, ${db.schema.name}.CBK_APPROVER_ROLES ar,${db.schema.name}.CBK_ROLES cr 
		 	 WHERE A.APPROVER_ID =ar.APPROVER_ID AND ar.ROLE_ID=cr.ROLE_ID 
           <isNotEmpty property="userId"  prepend="AND">
		  			 A.APPROVER_ID = #userId# 
			</isNotEmpty>
			<isNotEmpty property="statusSelected" prepend="AND">
	                 A.APPROVER_STATUS = #statusSelected#
	         </isNotEmpty>
	</select>
		 -->
	<!-- <select id="userResultsByUser"  parameterClass="Map"  resultMap="userResultsUser-result">
		select cr.ROLE_DESC roleSelected, ar.LOCATION_NUMBER locationNumber
		from ${db.schema.name}.CBK_APPROVER_ROLES ar,${db.schema.name}.CBK_ROLES cr 
		where ar.ROLE_ID=cr.ROLE_ID 
		<isNotEmpty property="roleSelected">
		 AND cr.ROLE_DESC LIKE #roleSelected#
		</isNotEmpty>
	</select>
		
		<select id="userResultsByLocation" resultMap="userlocation-result" parameterClass="Map">
			select ap.APPROVER_NAME userName,cr.ROLE_DESC roles
	        from ${db.schema.name}.CBK_APPROVER_ROLES ar, ${db.schema.name}.CBK_ROLES cr, ${db.schema.name}.CBK_APPROVER ap
	        where ar.ROLE_ID=cr.ROLE_ID
	        AND ap.APPROVER_ID=ar.APPROVER_ID
			<isNotEmpty property="userId">
				AND ar.APPROVER_ID LIKE #userId# 
			</isNotEmpty>
		
		</select>

	 <select id="userResultsByRole"  parameterClass="Map"  resultMap="UserRoleResult-result">
		select ar.LOCATION_NUMBER locationNumber,cr.ROLE_DESC roles
        from ${db.schema.name}.CBK_APPROVER_ROLES ar, ${db.schema.name}.CBK_ROLES cr  
        where ar.ROLE_ID=cr.ROLE_ID
        <isNotEmpty property="locationNumber">
		      AND  ar.LOCATION_NUMBER LIKE #locationNumber# 
		</isNotEmpty>
	</select> -->
 
 
 
</sqlMap>