<?xml version="1.0" encoding="UTF-8"?>

<!DOCTYPE sqlMap PUBLIC "-//ibatis.apache.org//DTD SQL Map 2.0//EN" "sql-map-2.dtd">

<sqlMap namespace="UserIDSelector">

<!-- Aliases for Java primitive wrapper objects -->
    <typeAlias alias="Integer" type="java.lang.Integer"/>
    <typeAlias alias="String" type="java.lang.String"/>
    <typeAlias alias="Map" type="java.util.Map"/>
    <typeAlias alias="List" type="java.util.List"/>

	<!-- Aliases for business objects -->
  

    <typeAlias alias="UserIDSelectorBO" type="com.unfi.cbk.bo.UserIDSelectorBO"/>
    
    <resultMap id="userIDSearch-result" class="UserIDSelectorBO">
		<result property="userID" column="APPROVER_ID" />
		<result property="userName" column="APPROVER_NAME" />
	</resultMap>
	
	<!-- <select id="doUserIDSearch" resultMap="userIDSearch-result"> -->
	
	<select id="doUserIDSearch" parameterClass="Map" resultMap="userIDSearch-result">
	
 select APPROVER_ID,APPROVER_NAME FROM ${db.schema.name}.CBK_APPROVER WHERE 
<isNotEmpty property="userID">
		        APPROVER_ID LIKE #userID# 
		</isNotEmpty>
		<isNotEmpty property="userName">
		       UPPER(APPROVER_NAME) LIKE #userName#
		</isNotEmpty>
		<!-- ORDER BY userName ASC -->
		
		
	
	</select>
	
	</sqlMap>
