<?xml version="1.0" encoding="UTF-8"?>

<linkCollection>
	  <link>
              <ID>000</ID><!-- Do not change the ID for the error link -->
              <URL>Home</URL>
              <ALT></ALT>
              <TEXT>INFORMATION</TEXT>
              <TYPE>ERROR</TYPE>
              <buttons>
              <button>
                   <TEXT>Cancel</TEXT>
                   <ALT>Cancel</ALT>
                   <URL></URL>
                   <ONCLICK>cancel();</ONCLICK>
            </button>
            </buttons>
       </link>


	<link>
		<ID>0</ID>
		<URL>home</URL>
		<TEXT>CBK Home</TEXT>
		<ALT>CBK Home</ALT>
		<TYPE>HOME</TYPE>
		<link>
			<ID>1</ID>
			<roles>
				<ROLE>Chargeback</ROLE>
			</roles>
			<URL>javascript:newChargebackSearch();</URL>
			<BCONCLICK>newChargebackSearch();</BCONCLICK>
			<TEXT>Chargeback Search</TEXT>
			<ALT>Chargeback Search</ALT>
			<TYPE>HEADER</TYPE>
			<buttons>
				<button>
					<TEXT>Go</TEXT>
					<ALT>Go</ALT>
					<URL></URL>
					<ONCLICK>getChargebackResults();</ONCLICK>
				</button>
				<button>
					<TEXT>Clear</TEXT>
					<ALT>Clear</ALT>
					<URL></URL>
					<ONCLICK>clearFields();</ONCLICK>
				</button>
				<button>
					<TEXT>Cancel</TEXT>
					<ALT>Cancel</ALT>
					<URL></URL>
					<ONCLICK>cancel();</ONCLICK>
				</button>
			</buttons>
			<link>
				<ID>1-1</ID>
				<URL></URL>
				<BCONCLICK>cancel();</BCONCLICK>
				<TEXT>Select a Vendor</TEXT>
				<ALT>Select a Vendor</ALT>
				<TYPE>HEADER</TYPE>
				<buttons>
					<button>
						<TEXT>Cancel</TEXT>
						<ALT>Cancel</ALT>
						<URL></URL>
						<ONCLICK>window.close();</ONCLICK>
					</button>
				</buttons>
			</link>
			<link>
				<ID>1-2</ID>
				<URL></URL>
				<BCONCLICK>cancel();</BCONCLICK>
				<TEXT>Select a Location</TEXT>
				<ALT>Select a Location</ALT>
				<TYPE>HEADER</TYPE>
				<buttons>
					<button>
						<TEXT>Cancel</TEXT>
						<ALT>Cancel</ALT>
						<URL></URL>
						<ONCLICK>window.close();</ONCLICK>
					</button>
				</buttons>
			</link>
			<link>
				<ID>1-3</ID>
				<URL></URL>
				<BCONCLICK>cancel();</BCONCLICK>
				<TEXT>Select a User</TEXT>
				<ALT>Select a User</ALT>
				<TYPE>HEADER</TYPE>
				<buttons>
					<button>
						<TEXT>Cancel</TEXT>
						<ALT>Cancel</ALT>
						<URL></URL>
						<ONCLICK>window.close();</ONCLICK>
					</button>
				</buttons>
			</link>
			<link>
				<ID>1-4</ID>
				<URL></URL>
				<BCONCLICK>cancel();</BCONCLICK>
				<TEXT>Select a User</TEXT>
				<ALT>Select a User</ALT>
				<TYPE>HEADER</TYPE>
				<buttons>
					<button>
						<TEXT>Cancel</TEXT>
						<ALT>Cancel</ALT>
						<URL></URL>
						<ONCLICK>window.close();</ONCLICK>
					</button>
				</buttons>
			</link>
			<link>
				<ID>1-5</ID>
				<URL></URL>
				<BCONCLICK></BCONCLICK>
				<TEXT>Chargeback Search Results</TEXT>
				<ALT>Chargeback Search Results</ALT>
				<TYPE>LINK</TYPE>
				<buttons>
					<button>
						<TEXT>New Search</TEXT>
						<ALT>New Search</ALT>
						<URL></URL>
						<ONCLICK>newChargebackSearch();</ONCLICK>
					</button>
					<button>
						<TEXT>Export All</TEXT>
						<ALT>Export All</ALT>
						<URL></URL>
						<ONCLICK>exportList();</ONCLICK>
					</button>
					<button>
						<TEXT>Open Sel</TEXT>
						<ALT>Open Sel</ALT>
						<URL></URL>
						<ONCLICK>openSelected();</ONCLICK>
					</button>
					<button>
						<TEXT>Done</TEXT>
						<ALT>Done</ALT>
						<URL></URL>
						<ONCLICK>donee();</ONCLICK>
					</button>
				</buttons>
			</link>

			<link>
				<ID>1-6</ID>
				<URL></URL>
				<BCONCLICK>cancel();</BCONCLICK>
				<TEXT>Chargeback Detail:</TEXT>
				<ALT>Chargeback Detail</ALT>
				<TYPE>HEADER</TYPE>
				<buttons>
					<button>
						<TEXT>Print</TEXT>
						<ALT>Print</ALT>
						<URL></URL>
						<ONCLICK>print();</ONCLICK>
					</button>

					<button>
						<TEXT>Approve</TEXT>
						<ALT>Approve</ALT>
						<URL></URL>
						<ONCLICK>approve();</ONCLICK>
					</button>
					<button>
						<TEXT>Deny</TEXT>
						<ALT>Deny</ALT>
						<URL></URL>
						<ONCLICK>deny();</ONCLICK>
					</button>
					<button>
						<TEXT>Cancel</TEXT>
						<ALT>Cancel</ALT>
						<URL></URL>
						<ONCLICK>cancelCBK();</ONCLICK>
					</button>
					<button>
						<TEXT>Edit</TEXT>
						<ALT>Edit</ALT>
						<URL></URL>
						<ONCLICK>getChargeback();</ONCLICK>
					</button>
					<button>
						<TEXT>Done</TEXT>
						<ALT>Done</ALT>
						<URL></URL>
						<ONCLICK>done();</ONCLICK>
					</button>
				</buttons>
			</link>
			<link>
				<ID>1-7</ID>
				<URL></URL>
				<BCONCLICK>cancel();</BCONCLICK>
				<TEXT>Available Chargebacks:</TEXT>
				<ALT>Available Chargebacks</ALT>
				<TYPE>HEADER</TYPE>
				<buttons>
					<button>
						<TEXT>Search CBK</TEXT>
						<ALT>Search CBK</ALT>
						<URL></URL>
						<ONCLICK>newChargebackSearch();</ONCLICK>
					</button>
					<button>
						<TEXT>Open Sel</TEXT>
						<ALT>Open Sel</ALT>
						<URL></URL>
						<ONCLICK>openSelected();</ONCLICK>
					</button>
					<button>
						<TEXT>Approve</TEXT>
						<ALT>Approve</ALT>
						<URL></URL>
						<ONCLICK>approve();</ONCLICK>
					</button>
					<button>
						<TEXT>Deny</TEXT>
						<ALT>Deny</ALT>
						<URL></URL>
						<ONCLICK>deny();</ONCLICK>
					</button>
					<button>
						<TEXT>Done</TEXT>
						<ALT>Done</ALT>
						<URL></URL>
						<ONCLICK>done();</ONCLICK>
					</button>
				</buttons>
			</link>

			<link>
				<ID>1-9</ID>
				<URL></URL>
				<BCONCLICK>cancel();</BCONCLICK>
				<TEXT>Update Chargeback:</TEXT>
				<ALT>Update Chargeback </ALT>
				<TYPE>HEADER</TYPE>
				<buttons>
					<button>
						<TEXT>Submit</TEXT>
						<ALT>Submit</ALT>
						<URL></URL>
						<ONCLICK>submitChargeback();</ONCLICK>
					</button>
					<button>
						<TEXT>Save</TEXT>
						<ALT>Save</ALT>
						<URL></URL>
						<ONCLICK>saveChargeback();</ONCLICK>
					</button>
					<button>
						<TEXT>Cancel</TEXT>
						<ALT>Cancel</ALT>
						<URL></URL>
						<ONCLICK>cancel();</ONCLICK>
					</button>
				</buttons>
			</link>
			<link>
				<ID>1-10</ID>
				<URL></URL>
				<BCONCLICK>cancel();</BCONCLICK>
				<TEXT>Select Approver</TEXT>
				<ALT>Select Approver</ALT>
				<TYPE>HEADER</TYPE>
				<buttons>
					<button>
						<TEXT>Cancel</TEXT>
						<ALT>Cancel</ALT>
						<URL></URL>
						<ONCLICK>window.close();</ONCLICK>
					</button>
				</buttons>
			</link>
			<link>
				<ID>1-11</ID>
				<URL></URL>
				<BCONCLICK>cancel();</BCONCLICK>
				<TEXT>Reason for Deny of Chargeback</TEXT>
				<ALT>Reason for Deny of Chargeback</ALT>
				<TYPE>HEADER</TYPE>
				<buttons>
					<button>
						<TEXT>Cancel</TEXT>
						<ALT>Cancel</ALT>
						<URL></URL>
						<ONCLICK>window.close();</ONCLICK>
					</button>
				</buttons>
			</link>
			<link>
				<ID>1-12</ID>
				<URL></URL>
				<BCONCLICK>cancel();</BCONCLICK>
				<TEXT>Account Validator</TEXT>
				<ALT>Account Validator</ALT>
				<TYPE>HEADER</TYPE>

			</link>
			<link>
				<ID>1-13</ID>
				<URL></URL>
				<BCONCLICK>cancel();</BCONCLICK>
				<TEXT>Select a Parent</TEXT>
				<ALT>Select a Parent</ALT>
				<TYPE>HEADER</TYPE>
				<buttons>
					<button>
						<TEXT>Cancel</TEXT>
						<ALT>Cancel</ALT>
						<URL></URL>
						<ONCLICK>window.close();</ONCLICK>
					</button>
				</buttons>
			</link>
			<link>
				<ID>1-14</ID>
				<URL></URL>
				<BCONCLICK>cancel();</BCONCLICK>
				<TEXT>Select a Location</TEXT>
				<ALT>Select a Location</ALT>
				<TYPE>HEADER</TYPE>
				<buttons>
					<button>
						<TEXT>Cancel</TEXT>
						<ALT>Cancel</ALT>
						<URL></URL>
						<ONCLICK>window.close();</ONCLICK>
					</button>
				</buttons>
			</link>
			<link>
				<ID>1-15</ID>
				<URL></URL>
				<BCONCLICK>cancel();</BCONCLICK>
				<TEXT>Select Approver</TEXT>
				<ALT>Select Approver</ALT>
				<TYPE>HEADER</TYPE>
				<buttons>
					<button>
						<TEXT>Cancel</TEXT>
						<ALT>Cancel</ALT>
						<URL></URL>
						<ONCLICK>window.close();</ONCLICK>
					</button>
				</buttons>
			</link>
			<link>
				<ID>1-16</ID>
				<URL></URL>
				<BCONCLICK>cancel();</BCONCLICK>
				<TEXT>Select Approver</TEXT>
				<ALT>Select Approver</ALT>
				<TYPE>HEADER</TYPE>
				<buttons>
					<button>
						<TEXT>Cancel</TEXT>
						<ALT>Cancel</ALT>
						<URL></URL>
						<ONCLICK>window.close();</ONCLICK>
					</button>
				</buttons>
			</link>

		</link>
		<link>
			<ID>8</ID>
			<roles>
				<ROLE>ChargebackCreate</ROLE>
			</roles>
			<URL>createChargeback?action=create</URL>
			<TEXT>Chargeback Create</TEXT>
			<ALT>Chargeback Create</ALT>
			<TYPE>HEADER</TYPE>
			<buttons>
					<button>
						<TEXT>Save</TEXT>
						<ALT>Save</ALT>
						<URL></URL>
						<ONCLICK>saveChargeback();</ONCLICK>
					</button>
					<button>
						<TEXT>Submit</TEXT>
						<ALT>Submit</ALT>
						<URL></URL>
						<ONCLICK>submitChargeback();</ONCLICK>
					</button>
					<button>
						<TEXT>Cancel</TEXT>
						<ALT>Cancel</ALT>
						<URL></URL>
						<ONCLICK>chargebackCancel();</ONCLICK>
					</button>
				</buttons>
		</link>
		
		<link>
			<ID>2</ID>
			<roles>
				<ROLE>ChargebackApprovals</ROLE>
			</roles>
			<URL>javascript:massApprovalSearch();</URL>
			<BCONCLICK>massApprovalSearch();</BCONCLICK>
			<TEXT>Chargeback Mass Approvals</TEXT>
			<ALT>Chargeback Mass Approvals</ALT>
			<TYPE>HEADER</TYPE>
			<buttons>
				<button>
					<TEXT>Go</TEXT>
					<ALT>Go</ALT>
					<URL></URL>
					<ONCLICK>massApprovalResults();</ONCLICK>
				</button>
				<button>
					<TEXT>Clear</TEXT>
					<ALT>Clear</ALT>
					<URL>javascript:clearFields();</URL>
					<ONCLICK>clearFields();</ONCLICK>
				</button>
				<button>
					<TEXT>Done</TEXT>
					<ALT>Done</ALT>
					<URL></URL>
					<ONCLICK>done();</ONCLICK>
				</button>
			</buttons>
			<link>
				<ID>2-1</ID>
				<URL></URL>
				<BCONCLICK>cancel();</BCONCLICK>
				<TEXT>Mass Approvals Results</TEXT>
				<ALT>Mass Approvals</ALT>
				<TYPE>HEADER</TYPE>
				<buttons>
					<button>
						<TEXT>New Search</TEXT>
						<ALT>New Search</ALT>
						<URL></URL>
						<ONCLICK>massApprovalSearch();</ONCLICK>
					</button>
					<button>
						<TEXT>Export</TEXT>
						<ALT>Export</ALT>
						<URL></URL>
						<ONCLICK>massApprovalExport();</ONCLICK>
					</button>
					<button>
						<TEXT>Approve</TEXT>
						<ALT>Approve</ALT>
						<URL></URL>
						<ONCLICK>massApprove();</ONCLICK>
					</button>
					<button>
						<TEXT>Done</TEXT>
						<ALT>Done</ALT>
						<URL></URL>
						<ONCLICK>done();</ONCLICK>
					</button>
				</buttons>
			</link>
			<link>
				<ID>2-2</ID>
				<URL></URL>
				<BCONCLICK></BCONCLICK>
				<TEXT>Mass Approvals:</TEXT>
				<ALT>Mass Approvals</ALT>
				<TYPE>HEADER</TYPE>
			</link>
		</link>
		<link>
			<ID>3</ID>
			<roles>
				<ROLE>ChargebackAdmin</ROLE>
			</roles>
			<URL>chargebackAdmin?action=admin</URL>
			<TEXT>Chargeback Admin</TEXT>
			<ALT>Chargeback Admin</ALT>
			<TYPE>HEADER</TYPE>
			<buttons>
				<button>
					<TEXT>Done</TEXT>
					<ALT>Done</ALT>
					<URL></URL>
					<ONCLICK>done();</ONCLICK>
				</button>
			</buttons>

			<link>
				<ID>3-2</ID>
				<URL></URL>
				<BCONCLICK>chargebackAging();</BCONCLICK>
				<TEXT>Chargeback Aging:</TEXT>
				<ALT>Chargeback Aging</ALT>
				<TYPE>HEADER</TYPE>
			</link>
			<link>
				<ID>3-3</ID>
				<URL></URL>
				<BCONCLICK>cancel();</BCONCLICK>
				<TEXT>Chargeback Audits:</TEXT>
				<ALT>Chargeback Audits</ALT>
				<TYPE>HEADER</TYPE>
				<buttons>
					<button>
						<TEXT>Go</TEXT>
						<ALT>GO</ALT>
						<URL></URL>
						<ONCLICK>auditTotal();</ONCLICK>
					</button>
					<button>
						<TEXT>Done</TEXT>
						<ALT>Done</ALT>
						<URL>chargebackAdmin?action=admin</URL>
						<ONCLICK></ONCLICK>
					</button>
				</buttons>
			</link>
			<link>
				<ID>3-4</ID>
				<URL></URL>
				<BCONCLICK>balanceSheetAccrual();</BCONCLICK>
				<TEXT>Balance Sheet Accrual:</TEXT>
				<ALT>Balance Sheet Accrual</ALT>
				<TYPE>HEADER</TYPE>
			</link>
			<link>
				<ID>3-5</ID>
				<URL></URL>
				<BCONCLICK>plAccruals();</BCONCLICK>
				<TEXT>PL Accruals:</TEXT>
				<ALT>PL Accruals</ALT>
				<TYPE>HEADER</TYPE>
			</link>
			<link>
				<ID>3-6</ID>
				<URL></URL>
				<BCONCLICK>importChargebacks();</BCONCLICK>
				<TEXT>Import Chargebacks:</TEXT>
				<ALT>Import Chargebacks</ALT>
				<TYPE>HEADER</TYPE>
				<buttons>
					<button>
						<TEXT>Continue</TEXT>
						<ALT>Continue</ALT>
						<URL></URL>
						<ONCLICK>importChargebackApprover();</ONCLICK>
					</button>
					<button>
						<TEXT>Cancel</TEXT>
						<ALT>Cancel</ALT>
						<URL></URL>
						<ONCLICK>Cancel();</ONCLICK>
					</button>
				</buttons>
			</link>
			<link>
				<ID>3-7</ID>
				<URL></URL>
				<BCONCLICK>cancel();</BCONCLICK>
				<TEXT>Admin User Search:</TEXT>
				<ALT>Admin User Search</ALT>
				<TYPE>HEADER</TYPE>
				<buttons>
					<button>
						<TEXT>Go</TEXT>
						<ALT>Go</ALT>
						<URL></URL>
						<ONCLICK>adminUserSearchResults();</ONCLICK>
					</button>
					<button>
						<TEXT>Done</TEXT>
						<ALT>Done</ALT>
						<URL>chargebackAdmin?action=admin</URL>
						<ONCLICK></ONCLICK>
					</button>
				</buttons>
			</link>
			<link>
				<ID>3-8</ID>
				<URL></URL>
				<BCONCLICK>importChargebacks();</BCONCLICK>
				<TEXT>Select File:</TEXT>
				<ALT>Select File</ALT>
				<TYPE>HEADER</TYPE>
				<buttons>
					<button>
						<TEXT>Ok</TEXT>
						<ALT>Ok</ALT>
						<URL></URL>
						<ONCLICK>importChargebacks();</ONCLICK>
					</button>
					<button>
						<TEXT>Cancel</TEXT>
						<ALT>Cancel</ALT>
						<URL></URL>
						<ONCLICK>Cancel();</ONCLICK>
					</button>
				</buttons>
			</link>
			<link>
				<ID>3-9</ID>
				<URL></URL>
				<BCONCLICK>importCbkSubmit();</BCONCLICK>
				<TEXT>Import ChargebacksApprover:</TEXT>
				<ALT>Import ChargebacksApprover</ALT>
				<TYPE>HEADER</TYPE>
				<buttons>
					<button>
						<TEXT>Submit</TEXT>
						<ALT>Submit</ALT>
						<URL></URL>
						<ONCLICK>importCbkSubmit();</ONCLICK>
					</button>
					<button>
						<TEXT>Cancel</TEXT>
						<ALT>Cancel</ALT>
						<URL></URL>
						<ONCLICK>Cancel();</ONCLICK>
					</button>
				</buttons>
			</link>

			<link>
				<ID>3-10</ID>
				<URL></URL>
				<BCONCLICK>cancel();</BCONCLICK>
				<TEXT>Admin Search Results:</TEXT>
				<ALT>Admin Search Results</ALT>
				<TYPE>HEADER</TYPE>
				<buttons>
					<button>
						<TEXT>New Search</TEXT>
						<ALT>New Search</ALT>
						<URL></URL>
						<ONCLICK>adminUserSearch();</ONCLICK>
					</button>
					<button>
						<TEXT>Export</TEXT>
						<ALT>Export</ALT>
						<URL></URL>
						<ONCLICK>exportAdminUsersList()</ONCLICK>
					</button>
					<button>
						<TEXT>Done</TEXT>
						<ALT>Done</ALT>
						<URL></URL>
						<ONCLICK>done();</ONCLICK>
					</button>
				</buttons>
			</link>
			<link>
				<ID>3-11</ID>
				<URL></URL>
				<BCONCLICK>cancel();</BCONCLICK>
				<TEXT>Admin Details:</TEXT>
				<ALT>Admin Details</ALT>
				<TYPE>HEADER</TYPE>
				<buttons>
					<button>
						<TEXT>Done</TEXT>
						<ALT>Done</ALT>
						<URL>javascript:adminUserSearchResults();</URL>
						<ONCLICK>adminUserSearchResults();</ONCLICK>
					</button>
				</buttons>
			</link>
			<link>
				<ID>3-12</ID>
				<URL></URL>
				<BCONCLICK></BCONCLICK>
				<TEXT>Import Chargebacks:</TEXT>
				<ALT>Import Chargebacks</ALT>
				<TYPE>HEADER</TYPE>
			</link>


		</link>

		<link>
			<ID>4</ID>
			<roles>
				<ROLE>ChargebackExport</ROLE>
			</roles>
			<URL>chargebackExport?action=exportHome</URL>
			<TEXT>Chargeback Export</TEXT>
			<ALT>Chargeback Export</ALT>
			<TYPE>HEADER</TYPE>

			<link>
				<ID>4-1</ID>
				<URL></URL>
				<BCONCLICK>cancel();</BCONCLICK>
				<TEXT>Chargeback Export Audits:</TEXT>
				<ALT>Chargeback Export Audits</ALT>
				<TYPE>HEADER</TYPE>
				<buttons>
					<button>
						<TEXT>Go</TEXT>
						<ALT>GO</ALT>
						<URL>javascript:auditTotal();</URL>
						<ONCLICK>auditTotal();</ONCLICK>
					</button>
					<button>
						<TEXT>Done</TEXT>
						<ALT>Done</ALT>
						<URL></URL>
						<ONCLICK>done();</ONCLICK>
					</button>
				</buttons>
			</link>
			<link>
				<ID>4-2</ID>
				<URL></URL>
				<BCONCLICK>cancel();</BCONCLICK>
				<TEXT>Preview Export:</TEXT>
				<ALT>Preview Export:</ALT>
				<TYPE>HEADER</TYPE>
				<buttons>
					<button>
						<TEXT>Export</TEXT>
						<ALT>Export</ALT>
						<URL></URL>
						<ONCLICK>exportPreviewList();</ONCLICK>
					</button>
					<button>
						<TEXT>Done</TEXT>
						<ALT>Done</ALT>
						<URL></URL>
						<ONCLICK>done();</ONCLICK>
					</button>
				</buttons>
			</link>
			<link>
				<ID>4-3</ID>
				<URL></URL>
				<BCONCLICK>cancel();</BCONCLICK>
				<TEXT>Update Due Date:</TEXT>
				<ALT>Update Due Date:</ALT>
				<TYPE>HEADER</TYPE>
				<buttons>
					<button>
						<TEXT>Done</TEXT>
						<ALT>Done</ALT>
						<URL></URL>
						<ONCLICK>done();</ONCLICK>
					</button>
				</buttons>
			</link>
			<link>
				<ID>4-4</ID>
				<URL></URL>
				<BCONCLICK>cancel();</BCONCLICK>
				<TEXT>Aged Chargeback Report:</TEXT>
				<ALT>Aged Chargeback Report</ALT>
				<TYPE>HEADER</TYPE>
				<buttons>
					<button>
						<TEXT>Go</TEXT>
						<ALT>Go</ALT>
						<URL></URL>
						<ONCLICK>agedCbkReportSearch();</ONCLICK>
					</button>
					<button>
						<TEXT>Export</TEXT>
						<ALT>Export</ALT>
						<URL></URL>
						<ONCLICK>exportAgedCbkList();</ONCLICK>
					</button>
					<button>
						<TEXT>Cancel</TEXT>
						<ALT>Cancel</ALT>
						<URL></URL>
						<ONCLICK>done();</ONCLICK>
					</button>
				</buttons>
			</link>

		</link>


		<link>
			<ID>5</ID>
			<roles>
				<ROLE>ChargebackManager</ROLE>
			</roles>
			<URL>chargebackManager?action=managerHome</URL>
			<TEXT>Chargeback Manager</TEXT>
			<ALT>Chargeback Manager</ALT>
			<TYPE>HEADER</TYPE>
			<buttons>
				<button>
					<TEXT>Done</TEXT>
					<ALT>Done</ALT>
					<URL></URL>
					<ONCLICK>cancel();</ONCLICK>
				</button>
			</buttons>
			<link>
				<ID>5-1</ID>
				<URL></URL>
				<BCONCLICK>cancel();</BCONCLICK>
				<TEXT>AuditLog Search:</TEXT>
				<ALT>AuditLog Search</ALT>
				<TYPE>HEADER</TYPE>
				<buttons>
					<button>
						<TEXT>Go</TEXT>
						<ALT>Go</ALT>
						<URL></URL>
						<ONCLICK>auditLogSearch();</ONCLICK>
					</button>
					<button>
						<TEXT>Export</TEXT>
						<ALT>Export</ALT>
						<URL></URL>
						<ONCLICK>exportAuditLogSearch();</ONCLICK>
					</button>
					<button>
						<TEXT>Done</TEXT>
						<ALT>Done</ALT>
						<URL></URL>
						<ONCLICK>done();</ONCLICK>
					</button>
				</buttons>
			</link>
			<link>
				<ID>5-2</ID>
				<URL></URL>
				<BCONCLICK>cancel();</BCONCLICK>
				<TEXT>Work With Chargeback Search:</TEXT>
				<ALT>Work With Chargeback Search</ALT>
				<TYPE>HEADER</TYPE>

				<buttons>
					<button>
						<TEXT>Go</TEXT>
						<ALT>Go</ALT>
						<URL></URL>
						<ONCLICK>getChargeResults();</ONCLICK>
					</button>
					<button>
						<TEXT>Clear</TEXT>
						<ALT>Clear</ALT>
						<URL>javascript:clearFields();</URL>
						<ONCLICK>clearFields();</ONCLICK>
					</button>
					<button>
						<TEXT>Cancel</TEXT>
						<ALT>Cancel</ALT>
						<URL></URL>
						<ONCLICK>cancel();</ONCLICK>
					</button>
				</buttons>

				<link>
					<ID>5-2-1</ID>
					<URL></URL>
					<BCONCLICK></BCONCLICK>
					<TEXT>Work With Chargeback Results</TEXT>
					<ALT>Work With Chargeback Results</ALT>
					<TYPE>LINK</TYPE>
					<buttons>
						<button>
							<TEXT>New Search</TEXT>
							<ALT>New Search</ALT>
							<URL></URL>
							<ONCLICK>workWithChargebackSearch();</ONCLICK>
						</button>
						<button>
							<TEXT>Forward Sel</TEXT>
							<ALT>Forward Sel</ALT>
							<URL></URL>
							<ONCLICK>forwardSel();</ONCLICK>
						</button>
						<button>
							<TEXT>Cancel Sel</TEXT>
							<ALT>Cancel Sel</ALT>
							<URL></URL>
							<ONCLICK>cancelCBK();</ONCLICK>
						</button>
						<button>
							<TEXT>Done</TEXT>
							<ALT>Done</ALT>
							<URL></URL>
							<ONCLICK>done();</ONCLICK>
						</button>
					</buttons>
				</link>


				<link>
					<ID>5-2-2</ID>
					<URL></URL>
					<BCONCLICK>cancel();</BCONCLICK>
					<TEXT>Confirm</TEXT>
					<ALT>Confirm</ALT>
					<TYPE>HEADER</TYPE>

				</link>
				<link>
					<ID>5-2-3</ID>
					<URL></URL>
					<BCONCLICK></BCONCLICK>
					<TEXT>Work With Chargeback Details</TEXT>
					<ALT>Work With Chargeback Details</ALT>
					<TYPE>LINK</TYPE>
					<buttons>
						<button>
							<TEXT>Print</TEXT>
							<ALT>Print</ALT>
							<URL></URL>
							<ONCLICK>print();</ONCLICK>
						</button>
						
						<button>
							<TEXT>Forward Sel</TEXT>
							<ALT>Forward Sel</ALT>
							<URL></URL>
							<ONCLICK>forwardSel();</ONCLICK>
						</button>
						<button>
							<TEXT>Cancel Sel</TEXT>
							<ALT>Cancel Sel</ALT>
							<URL></URL>
							<ONCLICK>cancelCBK();</ONCLICK>
						</button>
						<button>
							<TEXT>Done</TEXT>
							<ALT>Done</ALT>
							<URL></URL>
							<ONCLICK>done();</ONCLICK>
						</button>
					</buttons>
				</link>
			</link>
			<link>
				<ID>5-3</ID>
				<URL></URL>
				<BCONCLICK>cancel();</BCONCLICK>
				<TEXT>Chargeback Roles</TEXT>
				<ALT>Chargeback Roles</ALT>
				<TYPE>HEADER</TYPE>
				<buttons>
					<button>
						<TEXT>Done</TEXT>
						<ALT>Done</ALT>
						<URL></URL>
						<ONCLICK>done();</ONCLICK>
					</button>
				</buttons>
			</link>
			<link>
				<ID>5-4</ID>
				<URL></URL>
				<BCONCLICK>cancel();</BCONCLICK>
				<TEXT>Product Group Maintenance</TEXT>
				<ALT>Product Group Maintenance</ALT>
				<TYPE>HEADER</TYPE>
				<buttons>
					<button>
						<TEXT>Create</TEXT>
						<ALT>Create</ALT>
						<URL></URL>
						<ONCLICK>createProductCode();</ONCLICK>
					</button>
					<button>
						<TEXT>Edit Sel</TEXT>
						<ALT>Edit Sel</ALT>
						<URL></URL>
						<ONCLICK>getSelectedProduct();</ONCLICK>
					</button>
					<button>
						<TEXT>Delet Sel</TEXT>
						<ALT>Delet Sel</ALT>
						<URL></URL>
						<ONCLICK>deleteUser();</ONCLICK>
					</button>
					<button>
						<TEXT>Done</TEXT>
						<ALT>Done</ALT>
						<URL></URL>
						<ONCLICK>done();</ONCLICK>
					</button>
				</buttons>

				<link>
					<ID>5-4-1</ID>
					<URL></URL>
					<BCONCLICK>cancel();</BCONCLICK>
					<TEXT>Create Product Group</TEXT>
					<ALT>Create Product Group</ALT>
					<TYPE>HEADER</TYPE>
					<buttons>
						<button>
							<TEXT>Save</TEXT>
							<ALT>Save</ALT>
							<URL></URL>
							<ONCLICK>save();</ONCLICK>
						</button>
						<button>
							<TEXT>Cancel</TEXT>
							<ALT>Cancel</ALT>
							<URL></URL>
							<ONCLICK>cancel();</ONCLICK>
						</button>
					</buttons>
				</link>
				<link>
					<ID>5-4-2</ID>
					<URL></URL>
					<BCONCLICK>cancel();</BCONCLICK>
					<TEXT>Edit Product Group</TEXT>
					<ALT>Edit Product Group</ALT>
					<TYPE>HEADER</TYPE>
					<buttons>
						<button>
							<TEXT>Save</TEXT>
							<ALT>Save</ALT>
							<URL></URL>
							<ONCLICK>save();</ONCLICK>
						</button>
						<button>
							<TEXT>Cancel</TEXT>
							<ALT>Cancel</ALT>
							<URL></URL>
							<ONCLICK>cancel();</ONCLICK>
						</button>
					</buttons>
				</link>
				<link>
					<ID>5-4-3</ID>
					<URL></URL>
					<BCONCLICK>cancel();</BCONCLICK>
					<TEXT>Confirm</TEXT>
					<ALT>Confirm</ALT>
					<TYPE>HEADER</TYPE>

				</link>
			</link>

			<link>
				<ID>5-5</ID>
				<URL></URL>
				<BCONCLICK>cancel();</BCONCLICK>
				<TEXT>Excluded Vendor Maintenance</TEXT>
				<ALT>Excluded Vendor Maintenance</ALT>
				<TYPE>HEADER</TYPE>
				<buttons>
					<button>
						<TEXT>Craete</TEXT>
						<ALT>Create</ALT>
						<URL></URL>
						<ONCLICK>createProductCode();</ONCLICK>
					</button>
					<button>
						<TEXT>Edit Sel</TEXT>
						<ALT>Edit Sel</ALT>
						<URL></URL>
						<ONCLICK>getSelectedVendor();</ONCLICK>
					</button>
					<button>
						<TEXT>Delet Sel</TEXT>
						<ALT>Delet Sel</ALT>
						<URL></URL>
						<ONCLICK>deleteUser();</ONCLICK>
					</button>
					<button>
						<TEXT>Done</TEXT>
						<ALT>Done</ALT>
						<URL></URL>
						<ONCLICK>done();</ONCLICK>
					</button>
				</buttons>
			</link>
			<link>
				<ID>5-5-1</ID>
				<URL></URL>
				<BCONCLICK>cancel();</BCONCLICK>
				<TEXT>Create New Vendor</TEXT>
				<ALT>Create New Vendor</ALT>
				<TYPE>HEADER</TYPE>
				<buttons>
					<button>
						<TEXT>Save</TEXT>
						<ALT>Save</ALT>
						<URL></URL>
						<ONCLICK>save();</ONCLICK>
					</button>
					<button>
						<TEXT>Cancel</TEXT>
						<ALT>Cancel</ALT>
						<URL></URL>
						<ONCLICK>cancel();</ONCLICK>
					</button>
				</buttons>
			</link>
			<link>
				<ID>5-5-2</ID>
				<URL></URL>
				<BCONCLICK>cancel();</BCONCLICK>
				<TEXT>Edit Excluded Vendor</TEXT>
				<ALT>Edit Excluded Vendor</ALT>
				<TYPE>HEADER</TYPE>
				<buttons>
					<button>
						<TEXT>Save</TEXT>
						<ALT>Save</ALT>
						<URL></URL>
						<ONCLICK>save();</ONCLICK>
					</button>
					<button>
						<TEXT>Cancel</TEXT>
						<ALT>Cancel</ALT>
						<URL></URL>
						<ONCLICK>cancel();</ONCLICK>
					</button>
				</buttons>
			</link>
			<link>
				<ID>5-5-3</ID>
				<URL></URL>
				<BCONCLICK>cancel();</BCONCLICK>
				<TEXT>Confirm</TEXT>
				<ALT>Confirm</ALT>
				<TYPE>HEADER</TYPE>

			</link>
			<link>
				<ID>5-6</ID>
				<URL></URL>
				<BCONCLICK>cancel();</BCONCLICK>
				<TEXT>Route Name Maintenance</TEXT>
				<ALT>Route Name Maintenance</ALT>
				<TYPE>HEADER</TYPE>
				<buttons>
					<button>
						<TEXT>Craete</TEXT>
						<ALT>Create</ALT>
						<URL></URL>
						<ONCLICK>createProductCode();</ONCLICK>
					</button>
					<button>
						<TEXT>Edit Sel</TEXT>
						<ALT>Edit Sel</ALT>
						<URL></URL>
						<ONCLICK>getSelectedProduct();</ONCLICK>
					</button>
					<button>
						<TEXT>Delet Sel</TEXT>
						<ALT>Delet Sel</ALT>
						<URL></URL>
						<ONCLICK>deleteUser();</ONCLICK>
					</button>
					<button>
						<TEXT>Done</TEXT>
						<ALT>Done</ALT>
						<URL></URL>
						<ONCLICK>done();</ONCLICK>
					</button>
				</buttons>
			</link>
			<link>
				<ID>5-6-1</ID>
				<URL></URL>
				<BCONCLICK>cancel();</BCONCLICK>
				<TEXT>Create New RouteId</TEXT>
				<ALT>Create New RouteId</ALT>
				<TYPE>HEADER</TYPE>
				<buttons>
					<button>
						<TEXT>Save</TEXT>
						<ALT>Save</ALT>
						<URL></URL>
						<ONCLICK>save();</ONCLICK>
					</button>
					<button>
						<TEXT>Cancel</TEXT>
						<ALT>Cancel</ALT>
						<URL></URL>
						<ONCLICK>cancel();</ONCLICK>
					</button>
				</buttons>
			</link>
			<link>
				<ID>5-6-2</ID>
				<URL></URL>
				<BCONCLICK>cancel();</BCONCLICK>
				<TEXT>Edit Route Name</TEXT>
				<ALT>Edit Route Name</ALT>
				<TYPE>HEADER</TYPE>
				<buttons>
					<button>
						<TEXT>Save</TEXT>
						<ALT>Save</ALT>
						<URL></URL>
						<ONCLICK>save();</ONCLICK>
					</button>
					<button>
						<TEXT>Cancel</TEXT>
						<ALT>Cancel</ALT>
						<URL></URL>
						<ONCLICK>cancel();</ONCLICK>
					</button>
				</buttons>
			</link>
			<link>
				<ID>5-6-3</ID>
				<URL></URL>
				<BCONCLICK>cancel();</BCONCLICK>
				<TEXT>Delete</TEXT>
				<ALT>Delete</ALT>
				<TYPE>HEADER</TYPE>

			</link>
			<link>
				<ID>5-7</ID>
				<URL></URL>
				<BCONCLICK>cancel();</BCONCLICK>
				<TEXT>Reason Code Maintenance:</TEXT>
				<ALT>Reason Code Maintenance</ALT>
				<TYPE>HEADER</TYPE>
				<buttons>

					<button>
						<TEXT>Delete Sele</TEXT>
						<ALT>Delete Sele</ALT>
						<URL></URL>
						<ONCLICK>deleteReasonCodes();</ONCLICK>
					</button>
					<button>
						<TEXT>Edit Selected</TEXT>
						<ALT>Edit Selected</ALT>
						<URL></URL>
						<ONCLICK>editReasonCodes();</ONCLICK>
					</button>
					<button>
						<TEXT>Create</TEXT>
						<ALT>Create</ALT>
						<URL></URL>
						<ONCLICK>createReasonCodes();</ONCLICK>
					</button>
					<button>
						<TEXT>Done</TEXT>
						<ALT>Done</ALT>
						<URL></URL>
						<ONCLICK>done();</ONCLICK>
					</button>
				</buttons>
				<link>
					<ID>5-7-1</ID>
					<URL></URL>
					<BCONCLICK>reasonSearchResults();</BCONCLICK>
					<TEXT>Save Reason:</TEXT>
					<ALT>Save Reason</ALT>
					<TYPE>HEADER</TYPE>
					<buttons>
						<button>
							<TEXT>Save</TEXT>
							<ALT>Save</ALT>
							<URL></URL>
							<ONCLICK>save();</ONCLICK>
						</button>
						<button>
							<TEXT>Cancel</TEXT>
							<ALT>Cancel</ALT>
							<URL></URL>
							<ONCLICK>cancel();</ONCLICK>
						</button>
					</buttons>
				</link>
				<link>
					<ID>5-7-2</ID>
					<URL></URL>
					<BCONCLICK>reasonSearchResults;</BCONCLICK>
					<TEXT>Edit Reason:</TEXT>
					<ALT>Edit Reason</ALT>
					<TYPE>HEADER</TYPE>
					<buttons>
						<button>
							<TEXT>Save</TEXT>
							<ALT>Save</ALT>
							<URL></URL>
							<ONCLICK>save();</ONCLICK>
						</button>
						<button>
							<TEXT>Cancel</TEXT>
							<ALT>Cancel</ALT>
							<URL></URL>
							<ONCLICK>cancel();</ONCLICK>
						</button>
					</buttons>
				</link>
			</link>
			<link>
				<ID>5-8</ID>
				<URL></URL>
				<BCONCLICK>cancel();</BCONCLICK>
				<TEXT>Chargeback Locations:</TEXT>
				<ALT>Chargeback Locations</ALT>
				<TYPE>HEADER</TYPE>
				<buttons>
					<button>
						<TEXT>Go</TEXT>
						<ALT>Go</ALT>
						<URL></URL>
						<ONCLICK>cbkLocationResults();</ONCLICK>
					</button>
					<button>
						<TEXT>Delete Sele</TEXT>
						<ALT>Delete Sele</ALT>
						<URL></URL>
						<ONCLICK>deleteLocation();</ONCLICK>
					</button>
					<button>
						<TEXT>Edit Selected</TEXT>
						<ALT>Edit Selected</ALT>
						<URL></URL>
						<ONCLICK>editLocation();</ONCLICK>
					</button>
					<button>
						<TEXT>Create</TEXT>
						<ALT>Create</ALT>
						<URL></URL>
						<ONCLICK>createLocation();</ONCLICK>
					</button>
					<button>
						<TEXT>Done</TEXT>
						<ALT>Done</ALT>
						<URL></URL>
						<ONCLICK>done();</ONCLICK>
					</button>
				</buttons>
				<link>
					<ID>5-8-1</ID>
					<URL></URL>
					<BCONCLICK>cbkLocationResults();</BCONCLICK>
					<TEXT>Create Location:</TEXT>
					<ALT>Create Location</ALT>
					<TYPE>HEADER</TYPE>
					<buttons>
						<button>
							<TEXT>Save</TEXT>
							<ALT>Save</ALT>
							<URL></URL>
							<ONCLICK>save();</ONCLICK>
						</button>
						<button>
							<TEXT>Cancel</TEXT>
							<ALT>Cancel</ALT>
							<URL></URL>
							<ONCLICK>cancel();</ONCLICK>
						</button>
					</buttons>
				</link>
				<link>
					<ID>5-8-2</ID>
					<URL></URL>
					<BCONCLICK>cbkLocationResults();</BCONCLICK>
					<TEXT>Edit Location:</TEXT>
					<ALT>Edit Location</ALT>
					<TYPE>HEADER</TYPE>
					<buttons>
						<button>
							<TEXT>Save</TEXT>
							<ALT>Save</ALT>
							<URL></URL>
							<ONCLICK>save();</ONCLICK>
						</button>
						<button>
							<TEXT>Cancel</TEXT>
							<ALT>Cancel</ALT>
							<URL></URL>
							<ONCLICK>cancel();</ONCLICK>
						</button>
					</buttons>
				</link>
			</link>

			<link>
				<ID>5-10</ID>
				<URL></URL>
				<BCONCLICK>cancel();</BCONCLICK>
				<TEXT>Authorization By Chargeback:</TEXT>
				<ALT>Authorization By Chargeback</ALT>
				<TYPE>HEADER</TYPE>
				<buttons>
					<button>
						<TEXT>Go</TEXT>
						<ALT>Go</ALT>
						<URL></URL>
						<ONCLICK>byTypeSearchResults();</ONCLICK>
					</button>
					<button>
						<TEXT>Delete Sele</TEXT>
						<ALT>Delete Sele</ALT>
						<URL></URL>
						<ONCLICK>deleteAuthorizationType();</ONCLICK>
					</button>
					<button>
						<TEXT>Edit Selected</TEXT>
						<ALT>Edit Selected</ALT>
						<URL></URL>
						<ONCLICK>editAuthorizationType();</ONCLICK>
					</button>
					<button>
						<TEXT>Create</TEXT>
						<ALT>Create</ALT>
						<URL></URL>
						<ONCLICK>createAuthorizationType();</ONCLICK>
					</button>
					<button>
						<TEXT>Done</TEXT>
						<ALT>Done</ALT>
						<URL></URL>
						<ONCLICK>done();</ONCLICK>
					</button>
				</buttons>
				<link>
					<ID>5-10-1</ID>
					<URL></URL>
					<BCONCLICK>reasonSearchResults();</BCONCLICK>
					<TEXT>Create Authorization:</TEXT>
					<ALT>Create Authorization</ALT>
					<TYPE>HEADER</TYPE>
					<buttons>
						<button>
							<TEXT>Save</TEXT>
							<ALT>Save</ALT>
							<URL></URL>
							<ONCLICK>save();</ONCLICK>
						</button>
						<button>
							<TEXT>Cancel</TEXT>
							<ALT>Cancel</ALT>
							<URL></URL>
							<ONCLICK>cancel();</ONCLICK>
						</button>
					</buttons>
				</link>
				<link>
					<ID>5-10-2</ID>
					<URL></URL>
					<BCONCLICK>reasonSearchResults();</BCONCLICK>
					<TEXT>edit Authorization Amount:</TEXT>
					<ALT>edit Authorization Amount</ALT>
					<TYPE>HEADER</TYPE>
					<buttons>
						<button>
							<TEXT>Save</TEXT>
							<ALT>Save</ALT>
							<URL></URL>
							<ONCLICK>save();</ONCLICK>
						</button>
						<button>
							<TEXT>Cancel</TEXT>
							<ALT>Cancel</ALT>
							<URL></URL>
							<ONCLICK>cancel();</ONCLICK>
						</button>
					</buttons>
				</link>
			</link>
			<link>
				<ID>5-11</ID>
				<URL></URL>
				<BCONCLICK>;</BCONCLICK>
				<TEXT>Authorization By Role:</TEXT>
				<ALT>Authorization By Role</ALT>
				<TYPE>HEADER</TYPE>
				<buttons>
					<button>
						<TEXT>Go</TEXT>
						<ALT>Go</ALT>
						<URL>javascript:</URL>
						<ONCLICK>go();</ONCLICK>
					</button>
					<button>
						<TEXT>Create</TEXT>
						<ALT>Create</ALT>
						<URL></URL>
						<ONCLICK>createAuthorizationRole();</ONCLICK>
					</button>
					<button>
						<TEXT>Edit Selec</TEXT>
						<ALT>Edit Selec</ALT>
						<URL></URL>
						<ONCLICK>editAuthorizationRole();</ONCLICK>
					</button>
					<button>
						<TEXT>Delete Sele</TEXT>
						<ALT>Delete Sele</ALT>
						<URL></URL>
						<ONCLICK>deleteAuthorizationRole();</ONCLICK>
					</button>
					<button>
						<TEXT>Done</TEXT>
						<ALT>Done</ALT>
						<URL></URL>
						<ONCLICK>done();</ONCLICK>
					</button>
				</buttons>
				<link>
					<ID>5-11-1</ID>
					<URL></URL>
					<BCONCLICK>reasonSearchResults();</BCONCLICK>
					<TEXT>Create Authorization:</TEXT>
					<ALT>Create Authorization</ALT>
					<TYPE>HEADER</TYPE>
					<buttons>
						<button>
							<TEXT>Save</TEXT>
							<ALT>Save</ALT>
							<URL></URL>
							<ONCLICK>saveCreateByRole();</ONCLICK>
						</button>
						<button>
							<TEXT>Cancel</TEXT>
							<ALT>Cancel</ALT>
							<URL></URL>
							<ONCLICK>cancel();</ONCLICK>
						</button>
					</buttons>
				</link>
				<link>
					<ID>5-11-2</ID>
					<URL></URL>
					<BCONCLICK></BCONCLICK>
					<TEXT>Edit Authorization:</TEXT>
					<ALT>Edit Authorization</ALT>
					<TYPE>HEADER</TYPE>
					<buttons>
						<button>
							<TEXT>Save</TEXT>
							<ALT>Save</ALT>
							<URL></URL>
							<ONCLICK>saveEditByRole();</ONCLICK>
						</button>
						<button>
							<TEXT>Cancel</TEXT>
							<ALT>Cancel</ALT>
							<URL>javascript:;</URL>
							<ONCLICK>cancel();</ONCLICK>
						</button>
					</buttons>
				</link>
			</link>

			<link>
				<ID>5-12</ID>
				<URL></URL>
				<BCONCLICK>cancel();</BCONCLICK>
				<TEXT>Chargeback Definition</TEXT>
				<ALT>Chargeback Definition</ALT>
				<TYPE>HEADER</TYPE>
				<buttons>
					<button>
						<TEXT>Save</TEXT>
						<ALT>Save</ALT>
						<URL></URL>
						<ONCLICK>save();</ONCLICK>
					</button>
					<button>
						<TEXT>Cancel</TEXT>
						<ALT>Cancel</ALT>
						<URL></URL>
						<ONCLICK>cancel();</ONCLICK>
					</button>
				</buttons>
			</link>



			<link>
				<ID>5-13</ID>
				<URL></URL>
				<BCONCLICK>cancel();</BCONCLICK>
				<TEXT>Routing Maint Results:</TEXT>
				<ALT>Routing Maint Results</ALT>
				<TYPE>HEADER</TYPE>
				<buttons>
					<button>
						<TEXT>Go</TEXT>
						<ALT>Go</ALT>
						<URL></URL>
						<ONCLICK>go();</ONCLICK>
					</button>
					<button>
						<TEXT>Delete Sele</TEXT>
						<ALT>Delete Sele</ALT>
						<URL></URL>
						<ONCLICK>deleteRoutingAppr();</ONCLICK>
					</button>
					<button>
						<TEXT>Edit Sele</TEXT>
						<ALT>Edit Sele</ALT>
						<URL></URL>
						<ONCLICK>editRoutingAppr();</ONCLICK>
					</button>
					<button>
						<TEXT>Create</TEXT>
						<ALT>Create</ALT>
						<URL></URL>
						<ONCLICK>createRoutingAppr();</ONCLICK>
					</button>
					<button>
						<TEXT>Done</TEXT>
						<ALT>Done</ALT>
						<URL></URL>
						<ONCLICK>done();</ONCLICK>
					</button>
				</buttons>
				<link>
					<ID>5-13-1</ID>
					<URL></URL>
					<BCONCLICK>approverSearchResults();</BCONCLICK>
					<TEXT>Create Approver:</TEXT>
					<ALT>Create Approver</ALT>
					<TYPE>HEADER</TYPE>
					<buttons>
						<button>
							<TEXT>Save</TEXT>
							<ALT>Save</ALT>
							<URL></URL>
							<ONCLICK>save();</ONCLICK>
						</button>
						<button>
							<TEXT>Cancel</TEXT>
							<ALT>Cancel</ALT>
							<URL></URL>
							<ONCLICK>cancel();</ONCLICK>
						</button>
					</buttons>
				</link>
				<link>
					<ID>5-13-2</ID>
					<URL></URL>
					<BCONCLICK>approverSearchResults();</BCONCLICK>
					<TEXT>Edit Approver:</TEXT>
					<ALT>Edit Approver</ALT>
					<TYPE>HEADER</TYPE>
					<buttons>
						<button>
							<TEXT>Save</TEXT>
							<ALT>Save</ALT>
							<URL></URL>
							<ONCLICK>save();</ONCLICK>
						</button>
						<button>
							<TEXT>Cancel</TEXT>
							<ALT>Cancel</ALT>
							<URL></URL>
							<ONCLICK>cancel();</ONCLICK>
						</button>
					</buttons>
				</link>
				<link>
					<ID>5-13-3</ID>
					<URL></URL>
					<BCONCLICK></BCONCLICK>
					<TEXT>Manager User Details:</TEXT>
					<ALT>Manager User Details</ALT>
					<TYPE>HEADER</TYPE>
					<buttons>
						<button>
							<TEXT>Done</TEXT>
							<ALT>Done</ALT>
							<URL></URL>
							<ONCLICK>cancel();</ONCLICK>
						</button>
					</buttons>
				</link>
			</link>
			<link>
				<ID>5-14</ID>
				<URL></URL>
				<BCONCLICK>done();</BCONCLICK>
				<TEXT>Manager User Search:</TEXT>
				<ALT>Manager User Search</ALT>
				<TYPE>HEADER</TYPE>
				<buttons>
					<button>
						<TEXT>Go</TEXT>
						<ALT>Go</ALT>
						<URL></URL>
						<ONCLICK>managerSearchResults();</ONCLICK>
					</button>
					<button>
						<TEXT>Done</TEXT>
						<ALT>Done</ALT>
						<URL></URL>
						<ONCLICK>done();</ONCLICK>
					</button>
				</buttons>
				<link>
					<ID>5-14-1</ID>
					<URL></URL>
					<BCONCLICK>cancel();</BCONCLICK>
					<TEXT>Manager User Results:</TEXT>
					<ALT>Manager User Results:</ALT>
					<TYPE>HEADER</TYPE>
					<buttons>
						<button>
							<TEXT>Export All</TEXT>
							<ALT>Export All</ALT>
							<URL></URL>
							<ONCLICK>exportUsersList();</ONCLICK>
						</button>
						<button>
							<TEXT>Done</TEXT>
							<ALT>Done</ALT>
							<URL></URL>
							<ONCLICK>done();</ONCLICK>
						</button>
					</buttons>
				</link>
				<link>
					<ID>5-14-2</ID>
					<URL></URL>
					<BCONCLICK>cancel();</BCONCLICK>
					<TEXT>Manager User Details:</TEXT>
					<ALT>Manager User Details:</ALT>
					<TYPE>HEADER</TYPE>
					<buttons>
						<button>
							<TEXT>Done</TEXT>
							<ALT>Done</ALT>
							<URL></URL>
							<ONCLICK>cancel();</ONCLICK>
						</button>
					</buttons>
				</link>
			</link>
		</link>


		<link>
			<ID>6</ID>
			<roles>
				<ROLE>ChargebackReports</ROLE>
			</roles>
			<URL>chargebackReport?action=chargeReport</URL>
			<TEXT>Chargeback Report</TEXT>
			<ALT>Chargeback Report</ALT>
			<TYPE>HEADER</TYPE>
			<buttons>
				<button>
					<TEXT>Go</TEXT>
					<ALT>Go</ALT>
					<URL></URL>
					<ONCLICK>exportCbkReportList();</ONCLICK>
				</button>
				<button>
					<TEXT>Done</TEXT>
					<ALT>Done</ALT>
					<URL></URL>
					<ONCLICK>done();</ONCLICK>
				</button>
			</buttons>
		</link>

		<link>
			<ID>7</ID>
			<roles>
				<ROLE>UserMaintenance</ROLE>
			</roles>
			<URL>userMaintenance?action=userMaint</URL>
			<TEXT>User Maintenance</TEXT>
			<ALT>User Maintenance</ALT>
			<TYPE>HEADER</TYPE>
			<buttons>
				<button>
					<TEXT>Go</TEXT>
					<ALT>Go</ALT>
					<URL>javascript:userSearchResults();</URL>
					<ONCLICK>userSearchResults();</ONCLICK>
				</button>
				<button>
					<TEXT>Done</TEXT>
					<ALT>Done</ALT>
					<URL></URL>
					<ONCLICK>done();</ONCLICK>
				</button>
			</buttons>


			<link>
				<ID>7-1-1</ID>
				<URL></URL>
				<BCONCLICK>cancel();</BCONCLICK>
				<TEXT>User Results:</TEXT>
				<ALT>User Results</ALT>
				<TYPE>HEADER</TYPE>
				<buttons>
					<button>
						<TEXT>Search</TEXT>
						<ALT>Search</ALT>
						<URL>userMaintenance?action=userMaint</URL>
						<ONCLICK></ONCLICK>
					</button>
					<button>
						<TEXT>Export All</TEXT>
						<ALT>Export All</ALT>
						<URL></URL>
						<ONCLICK>exportUsersList();</ONCLICK>
					</button>
					<button>
						<TEXT>Create</TEXT>
						<ALT>Create</ALT>
						<URL></URL>
						<ONCLICK>createUser();</ONCLICK>
					</button>
					<button>
						<TEXT>Delete</TEXT>
						<ALT>Delete</ALT>
						<URL></URL>
						<ONCLICK>deleteUser();</ONCLICK>
					</button>
					<button>
						<TEXT>Done</TEXT>
						<ALT>Done</ALT>
						<URL></URL>
						<ONCLICK>done();</ONCLICK>
					</button>
				</buttons>
			</link>
			<link>
				<ID>7-1-2</ID>
				<URL></URL>
				<BCONCLICK>cancel();</BCONCLICK>
				<TEXT>Create New User:</TEXT>
				<ALT>Create New User</ALT>
				<TYPE>HEADER</TYPE>
				<buttons>
					<button>
						<TEXT>Save</TEXT>
						<ALT>Save</ALT>
						<URL></URL>
						<ONCLICK>save();</ONCLICK>
					</button>
					<button>
						<TEXT>Cancel</TEXT>
						<ALT>Cancel</ALT>
						<URL></URL>
						<ONCLICK>cancel();</ONCLICK>
					</button>
				</buttons>
			</link>
			<link>
				<ID>7-1-3</ID>
				<URL></URL>
				<BCONCLICK>cancel();</BCONCLICK>
				<TEXT>Edit User:</TEXT>
				<ALT>Edit User</ALT>
				<TYPE>HEADER</TYPE>
				<buttons>
					<button>
						<TEXT>Save</TEXT>
						<ALT>Save</ALT>
						<URL></URL>
						<ONCLICK>save();</ONCLICK>
					</button>
					<button>
						<TEXT>Cancel</TEXT>
						<ALT>Cancel</ALT>
						<URL></URL>
						<ONCLICK>cancel();</ONCLICK>
					</button>
				</buttons>
			</link>

			<link>
				<ID>7-2</ID>
				<URL></URL>
				<BCONCLICK>cancel();</BCONCLICK>
				<TEXT>Select User</TEXT>
				<ALT>Select User</ALT>
				<TYPE>HEADER</TYPE>
				<buttons>
					<button>
						<TEXT>Cancel</TEXT>
						<ALT>Cancel</ALT>
						<URL></URL>
						<ONCLICK>window.close();</ONCLICK>
					</button>
				</buttons>
			</link>
		</link>


		<link>
			<ID>11</ID>
			<roles>
				<ROLE>FundsManagement</ROLE>
			</roles>
			<URL>chargebackInterface?action=confirm</URL>
			<TEXT>Funds Import</TEXT>
			<ALT>Funds Import</ALT>
			<TYPE>HEADER</TYPE>
		</link>
		
		
		
	</link>
</linkCollection>